name,province,latitude,longitude,population
Toronto,ON,43.70643,-79.39864,2794356
Montréal,QC,45.50884,-73.58781,1762949
Calgary,AB,51.05011,-114.08529,1306784
Ottawa,ON,45.41117,-75.69812,1017449
Edmonton,AB,53.55014,-113.46871,1010899
Winnipeg,MB,49.8844,-97.14704,749607
Mississauga,ON,43.5789,-79.6583,717961
Vancouver,BC,49.24966,-123.11934,662248
Brampton,ON,43.68341,-79.76633,656480
Hamilton,ON,43.25011,-79.84963,569353
Surrey,BC,49.10635,-122.82509,568322
Québec,QC,46.81228,-71.21454,531902
Halifax,NS,44.64269,-63.57688,471559
Laval,QC,45.56995,-73.692,438366
London,ON,42.98339,-81.23304,422324
Etobicoke,ON,43.64415,-79.56985,365000
Markham,ON,43.86682,-79.2663,338503
Vaughan,ON,43.8361,-79.49827,323103
Gatineau,QC,45.47723,-75.70164,300045
Victoria,BC,48.4359,-123.35155,289625
Saskatoon,SK,52.13238,-106.66892,266141
Kitchener,ON,43.42537,-80.5112,256885
Burnaby,BC,49.26636,-122.95263,249125
Windsor,ON,42.30008,-83.01654,229660
Longueuil,QC,45.5152,-73.46818,229330
Regina,SK,50.45008,-104.6178,226404
Oakville,ON,43.45011,-79.68292,213759
Richmond,BC,49.17003,-123.13683,209937
Richmond Hill,ON,43.87111,-79.43725,202022
Burlington,ON,43.38621,-79.83713,186948
Nepean,ON,45.33619,-75.7225,180000
Oshawa,ON,43.90012,-78.84957,175383
Greater Sudbury,ON,46.49,-80.99001,166004
Newton,BC,49.13333,-122.85,159390
Gloucester,ON,45.35,-75.63333,150012
Saguenay,QC,48.41675,-71.06573,148886
Coquitlam,BC,49.2846,-122.78217,148625
Barrie,ON,44.40011,-79.66634,147829
Rosemont–La Petite-Patrie,QC,45.53661,-73.60686,146501
Villeray–Saint-Michel–Parc-Extension,QC,45.55869,-73.60535,144814
Kelowna,BC,49.88307,-119.48568,144576
Trois-Rivières,QC,46.34515,-72.5477,144472
Guelph,ON,43.54594,-80.25599,143740
Lévis,QC,46.80326,-71.17793,143414
Mercier–Hochelaga-Maisonneuve,QC,45.57194,-73.54626,142753
Abbotsford,BC,49.05798,-122.25257,141397
Whitby,ON,43.88342,-78.93287,138501
St. Catharines,ON,43.17126,-79.24267,136803
Ahuntsic-Cartierville,QC,45.56667,-73.66667,135336
Le Vieux-Longueuil,QC,45.53721,-73.50773,135218
Milton,ON,43.51681,-79.88294,132979
Langley,BC,49.10107,-122.65883,132603
Kingston,ON,44.22976,-76.48098,132485
Cambridge,ON,43.3601,-80.31269,129920
Sherbrooke,QC,45.40008,-71.89908,129447
Orléans,ON,45.45732,-75.50433,125937
Ottawa South,ON,45.3921,-75.68725,125090
Saint-Louis-de-Terrebonne,QC,45.70198,-73.78669,119944
Ajax,ON,43.85012,-79.03288,119677
Saanich,BC,48.54964,-123.36931,117735
Thornhill,ON,43.815,-79.4242,115292
Rivière-des-Prairies–Pointe-aux-Trembles,QC,45.64064,-73.58463,113868
Terrebonne,QC,45.70004,-73.64732,111575
Sainte-Foy,QC,46.78139,-71.29217,111300
St. John's,NL,47.56494,-52.70931,110525
Thunder Bay,ON,48.38202,-89.25018,108843
La Cité-Limoilou,QC,46.82894,-71.22641,108415
Sydney,NS,46.1351,-60.1831,105968
Le Plateau-Mont-Royal,QC,45.52833,-73.58081,105813
Waterloo,ON,43.4668,-80.51639,104986
Ville-Marie,QC,45.49899,-73.57046,104944
Brantford,ON,43.1334,-80.26636,104688
Kamloops,BC,50.66648,-120.3192,104460
Lethbridge,AB,49.69999,-112.81856,103197
Whalley,BC,49.17917,-122.86667,102555
Delta,BC,49.08917,-123.05322,101668
Chilliwack,BC,49.16638,-121.95257,101491
Dartmouth,NS,44.67134,-63.57719,101343
Red Deer,AB,52.26682,-113.802,100844
Niagara Falls,ON,43.10012,-79.06627,99818
Saint-Laurent,QC,45.50008,-73.66585,98828
Saint-Jean-sur-Richelieu,QC,45.30713,-73.26259,98036
Chomedey,QC,45.53333,-73.75,94030
Pickering,ON,43.90012,-79.13289,91771
Newmarket,ON,44.05011,-79.46631,91034
Nanaimo,BC,49.16638,-123.94003,90504
Airdrie,AB,51.30011,-114.03528,90044
Kanata,ON,45.3001,-75.91606,90000
La Haute-Saint-Charles,QC,46.89028,-71.37222,88460
North Vancouver,BC,49.31636,-123.06934,88168
Montréal-Nord,QC,45.6016,-73.63063,86857
Le Sud-Ouest,QC,45.47187,-73.58986,86347
Moncton,NB,46.09454,-64.7965,86106
Peterborough,ON,44.30012,-78.31623,85807
Repentigny,QC,45.74222,-73.45008,84965
Charlesbourg,QC,46.899,-71.305,82870
Saint-Hubert,QC,45.50008,-73.41583,82548
Maple Ridge,BC,49.21939,-122.60193,82256
Beauport,QC,46.85884,-71.19201,81425
East Hastings,BC,49.27169,-123.06186,80740
Saint-Léonard,QC,45.58773,-73.59501,79495
Willowdale,ON,43.76672,-79.39909,79440
Prince George,BC,53.9166,-122.75301,78943
New Westminster,BC,49.20678,-122.91092,78916
South Surrey,BC,49.05,-122.79167,77170
Les Rivières,QC,46.81847,-71.272,77000
Caledon,ON,43.86544,-79.99322,76581
Stoney Creek,ON,43.21681,-79.76633,76382
Cloverdale,BC,49.10797,-122.7276,73355
Pierrefonds-Roxboro,QC,45.5019,-73.8417,73194
Nutana Sector,SK,52.09998,-106.63709,72564
Sarnia,ON,42.97866,-82.40407,72125
Sault Ste. Marie,ON,46.51677,-84.33325,72051
Saint John,NB,45.27076,-66.05616,71808
Sherwood Park,AB,53.51684,-113.3187,70618
Grande Prairie,AB,55.16667,-118.80271,70385
Confederation,SK,52.13912,-106.70356,70192
Brossard,QC,45.45008,-73.46583,69575
Verdun,QC,45.46005,-73.57058,69229
Chicoutimi,QC,48.41963,-71.06369,69004
Notre-Dame-de-Grâce,QC,45.47675,-73.61432,68152
Fort McMurray,AB,56.72676,-111.38103,66573
Granby,QC,45.40008,-72.73243,66222
Waterfront Communities-The Island,ON,43.63388,-79.3772,65913
Fleetwood,BC,49.16667,-122.8,65565
Fort Garry South,MB,49.79225,-97.16359,65420
Guildford,BC,49.19167,-122.8,64985
Hull,QC,45.42761,-75.71056,63702
Medicine Hat,AB,50.03928,-110.67661,63138
Fredericton,NB,45.94541,-66.66558,63116
Halton Hills,ON,43.6403,-79.93146,62951
Brighouse-City Centre,BC,49.16667,-123.13333,62855
Downtown Vancouver,BC,49.28277,-123.11935,62030
Norfolk County,ON,42.8334,-80.38297,60847
North Delta,BC,49.16667,-122.91667,60769
Drummondville,QC,45.88336,-72.48241,59489
Pierrefonds,QC,45.45989,-73.89284,59093
Port Coquitlam,BC,49.26637,-122.76932,58000
St. Albert,AB,53.63344,-113.63533,57719
Aylmer,QC,45.4002,-75.80644,56542
Saint-Michel,QC,45.56758,-73.62168,56420
Aurora,ON,44.00011,-79.46632,55445
Saint-Jérôme,QC,45.78036,-74.00365,54948
Jonquière,QC,48.41648,-71.24884,54842
Woburn,ON,43.76657,-79.22773,53485
Metrotown,BC,49.225,-123.0,52355
Welland,ON,42.98342,-79.24958,52293
University Heights,SK,52.14432,-106.57867,51957
Lower Sackville,NS,44.77599,-63.67865,51749
Renfrew-Collingwood,BC,49.245,-123.03758,51530
Lakewood,SK,52.1085,-106.59027,51237
Belleville,ON,44.16682,-77.38277,50716
Willowdale East,ON,43.7706,-79.40148,50434
North Bay,ON,46.3168,-79.46633,50396
Saint-Hyacinthe,QC,45.63076,-72.95699,50326
Whitchurch-Stouffville,ON,44.00012,-79.3163,49864
Kensington-Cedar Cottage,BC,49.25,-123.06667,49235
Dollard-Des Ormeaux,QC,45.49452,-73.82419,48930
Brandon,MB,49.84692,-99.95306,48859
Cornwall,ON,45.01809,-74.72815,48821
West End,BC,49.28333,-123.13333,47200
Langford,BC,48.44963,-123.50261,46584
Rouge,ON,43.80406,-79.16571,46496
Blainville,QC,45.66678,-73.88249,46493
Victoria-Downtown,BC,48.4277,-123.36104,46309
West Vancouver,BC,49.3286,-123.16019,45487
Georgetown,ON,43.65011,-79.91634,44058
L'Amoreaux,ON,43.79572,-79.31408,43993
Islington-City Centre West,ON,43.63347,-79.54332,43965
Malvern,ON,43.80938,-79.22344,43794
Quinte West,ON,44.18342,-77.56618,43577
Chatham,ON,42.41224,-82.18494,43550
Innisfil,ON,44.30011,-79.64964,43326
Kitsilano,BC,49.26667,-123.16667,43045
Salaberry-de-Valleyfield,QC,45.25008,-74.13253,42787
Châteauguay,QC,45.38338,-73.74919,42786
Rimouski,QC,48.44879,-68.52396,42240
Saint-Eustache,QC,45.565,-73.90554,42062
Timmins,ON,48.46686,-81.33312,41788
Sorel-Tracy,QC,46.04178,-73.11358,41629
Mission,BC,49.13298,-122.30258,41519
Centre City,AB,51.04512,-114.07431,41000
Strawberry Hill,BC,49.13333,-122.88333,41000
Val-des-Arbres,QC,45.59837,-73.67542,40974
Stittsville,ON,45.2501,-75.91606,40889
Ancaster,ON,43.21806,-79.98716,40557
Woodstock,ON,43.13339,-80.7497,40404
Vernon,BC,50.26729,-119.27337,40116
Bowmanville,ON,43.91682,-78.68286,39371
Boucherville,QC,45.59104,-73.43605,39062
Spruce Grove,AB,53.53344,-113.91874,38985
St. Thomas,ON,42.77361,-81.18038,38909
Charlottetown,PE,46.23459,-63.1256,38809
Okanagan Mission,BC,49.81667,-119.48333,38374
Shawinigan,QC,46.56675,-72.74913,38211
Neufchâtel-Est–Lebourgneuf,QC,46.85436,-71.34191,37540
Duvernay,QC,45.58333,-73.66667,37460
Laval-des-Rapides,QC,45.55642,-73.70007,36933
Stouffville,ON,43.96682,-79.2496,36753
Dovercourt-Wallace Emerson-Junction,ON,43.66568,-79.43854,36625
Sunset,BC,49.22104,-123.09546,36500
Core Neighbourhoods,SK,52.13041,-106.67231,36088
Leamington,ON,42.05009,-82.59981,35730
Rock Forest,QC,45.35699,-71.99676,35500
Prince Albert,SK,53.20008,-105.76772,35102
Downsview-Roding-CFB,ON,43.73329,-79.49049,35052
Parkwoods-Donalda,ON,43.75503,-79.33018,34805
Rutland,BC,49.89977,-119.38567,34800
Joliette,QC,46.0164,-73.4236,34772
Cartierville,QC,45.53118,-73.70358,34667
Mirabel,QC,45.65008,-74.08251,34626
Mascouche,QC,45.74965,-73.59956,34626
Lawson,SK,52.16432,-106.63884,34620
Hastings-Sunrise,BC,49.28333,-123.03333,34575
Victoriaville,QC,46.05007,-71.96579,34426
Brant,ON,43.1334,-80.34967,34415
Mimico,ON,43.61616,-79.51269,33964
Moose Jaw,SK,50.40005,-105.53445,33890
Parc-Extension,QC,45.52951,-73.63176,33800
Penticton,BC,49.48062,-119.58584,33761
Arcola East,SK,50.43308,-104.53601,33725
Fairview,BC,49.26305,-123.13212,33620
Surrey City Centre,BC,49.18542,-122.84659,33520
Campbell River,BC,50.01634,-125.24459,33430
West Humber-Clairville,ON,43.71619,-79.59636,33312
Mount Pleasant,BC,49.26667,-123.1,33000
Mt Pleasant,BC,49.26239,-123.10019,32955
Mount Olive-Silverstone-Jamestown,ON,43.74687,-79.58726,32954
LaSalle,ON,42.24481,-83.06095,32721
Chestermere,AB,51.03341,-113.81867,32255
Cochrane,AB,51.18341,-114.46871,32199
Snowdon,QC,45.4859,-73.63103,32160
Lloydminster,AB,53.27237,-110.02256,31582
Stratford,ON,43.36679,-80.94972,31465
Chilliwack-Downtown,BC,49.1643,-121.95907,31410
Côte-Saint-Luc,QC,45.46536,-73.66585,31395
Church-Yonge Corridor,ON,43.65965,-79.37902,31340
Willoughby,BC,49.12624,-122.67995,31305
Niagara,ON,43.64455,-79.40712,31180
Saint-Georges,QC,46.11353,-70.66526,31173
Orillia,ON,44.60868,-79.42068,31166
Victoria-Fraserview,BC,49.21667,-123.06667,31065
Orangeville,ON,43.9168,-80.09967,30734
Fort Erie,ON,42.90012,-78.93286,30710
Annex,ON,43.67159,-79.404,30526
Glenfield-Jane Heights,ON,43.74564,-79.51347,30491
Ville-Émard,QC,45.44979,-73.6015,30440
Okotoks,AB,50.72885,-113.98281,30214
Pointe-Claire,QC,45.44868,-73.81669,30161
Bendale,ON,43.76681,-79.25326,29960
Desmarchais-Crawford,QC,45.44554,-73.58163,29688
North Cowichan,BC,48.84133,-123.68596,29676
Mount Pleasant West,ON,43.70444,-79.39336,29658
Alma,QC,48.55009,-71.6491,29526
Killarney,BC,49.22594,-123.04282,29325
Grandview-Woodlands,BC,49.27738,-123.07079,29175
Agincourt North,ON,43.80418,-79.27528,29113
Sainte-Julie,QC,45.58338,-73.33246,29019
West Kelowna,BC,49.8625,-119.58333,28793
Sept-Îles,QC,50.20011,-66.38208,28534
Courtenay,BC,49.68657,-124.9936,28420
Whitehorse,YT,60.71611,-135.05375,28201
Fredericton Northside,NB,45.97594,-66.64117,28167
Wexford/Maryvale,ON,43.74857,-79.29864,27917
South Riverdale,ON,43.64929,-79.33565,27876
Marpole,BC,49.21359,-123.12979,27843
St. James-Assiniboia East,MB,49.88986,-97.22653,27755
Banbury-Don Mills,ON,43.73766,-79.34972,27695
York University Heights,ON,43.76574,-79.48888,27593
Port Moody,BC,49.28124,-122.82457,27512
Tam O'Shanter-Sullivan,ON,43.77977,-79.29502,27446
West Hill,ON,43.76737,-79.1795,27392
Saint-Constant,QC,45.36678,-73.56588,27359
Grimsby,ON,43.20011,-79.56631,27314
Dieppe,NB,46.07844,-64.68735,27304
Conception Bay South,NL,47.49989,-52.99806,27168
Don Valley Village,ON,43.78329,-79.35364,27051
Clairlea-Birchmount,ON,43.71359,-79.28138,26984
Bolton,ON,43.87952,-79.73791,26795
Milliken,ON,43.82499,-79.29872,26572
Boisbriand,QC,45.61678,-73.83249,26483
Westminster-Branson,ON,43.77881,-79.45242,26274
Beltline,AB,51.03951,-114.07087,25880
Bay Street Corridor,ON,43.65751,-79.38572,25797
Vaudreuil-Dorion,QC,45.40008,-74.03251,25789
Thetford-Mines,QC,46.09371,-71.30539,25704
Centretown,ON,45.41534,-75.69639,25687
Walnut Grove,BC,49.16473,-122.64042,25683
Coquitlam West,BC,49.25702,-122.87883,25656
Downtown Halifax,NS,44.64826,-63.57762,25555
Val-d'Or,QC,48.0974,-77.79737,25541
Panorama Hills,AB,51.15286,-114.081,25535
Prince Edward,ON,44.00012,-77.24946,25496
Sainte-Thérèse,QC,45.63922,-73.82757,25224
Steveston,BC,49.12714,-123.18137,25220
Stonegate-Queensway,ON,43.63552,-79.50113,25051
Dorset Park,ON,43.75386,-79.28215,25003
Fraser Heights,BC,49.2,-122.78333,25000
Brooklin,ON,43.95833,-78.95972,25000
Fallingbrook,ON,45.47558,-75.48401,25000
South Granville,BC,49.2602,-123.13946,24820
Alta Vista,ON,45.38639,-75.65806,24726
Steeles,ON,43.81205,-79.33082,24623
Bridlewood,ON,45.28522,-75.8569,24400
Waterdown,ON,43.33341,-79.88293,24400
Saint-Bruno-de-Montarville,QC,45.53341,-73.34916,24388
Saddle Ridge,AB,51.13262,-113.94676,24365
Midland,ON,44.7501,-79.88296,24353
Coquitlam Town Centre,BC,49.27697,-122.79669,24282
Chinatown,BC,49.27997,-123.10556,24000
East Gwillimbury,ON,44.10087,-79.43785,23991
Mile End,QC,45.5237,-73.59631,23977
Outremont,QC,45.51564,-73.60865,23954
High Park-Swansea,ON,43.64506,-79.46787,23925
Brockville,ON,44.59132,-75.68705,23886
Strathroy,ON,42.9551,-81.62232,23871
Newtonbrook West,ON,43.78583,-79.43142,23831
Squamish,BC,49.69925,-123.15631,23819
Agincourt South-Malvern West,ON,43.78866,-79.26561,23757
White Rock,BC,49.02049,-122.79507,23670
Rouyn-Noranda,QC,48.23656,-79.02311,23504
La Prairie,QC,45.41678,-73.49917,23357
Bedford Park-Nortown,ON,43.73149,-79.42023,23236
Tecumseh,ON,42.316,-82.884,23229
Broadmoor,BC,49.15,-123.13333,23050
Ladner,BC,49.08938,-123.08241,23016
Paradise,NL,47.52909,-52.88136,22957
Cariboo,BC,49.25,-122.88333,22780
Eglinton East,ON,43.73917,-79.24576,22776
Halifax West End,NS,44.6486,-63.61946,22664
Vedder Crossing,BC,49.1,-121.96667,22620
Chambly,QC,45.45008,-73.28246,22608
Riley Park,BC,49.24303,-123.09319,22555
Mount Pearl,NL,47.51659,-52.78135,22477
Englemount-Lawrence,ON,43.72035,-79.43741,22372
Edmonds,BC,49.21392,-122.93992,22318
Birchcliffe-Cliffside,ON,43.69468,-79.26509,22291
Rockcliffe-Smythe,ON,43.67479,-79.49442,22246
Duncan,BC,48.78293,-123.70266,22199
High Park North,ON,43.65626,-79.47454,22162
Willowridge-Martingrove-Richview,ON,43.68364,-79.55422,22156
Kingsville,ON,42.10009,-82.73312,22119
Kingsview Village-The Westway,ON,43.69899,-79.54786,22000
Flemingdon Park,ON,43.71806,-79.33222,21933
South Parkdale,ON,43.6367,-79.43934,21849
Collingwood,ON,44.4834,-80.21638,21793
Black Creek,ON,43.76489,-79.52198,21737
Tsawwassen,BC,49.01667,-123.08333,21588
The Beaches,ON,43.67372,-79.29539,21567
Baie-Comeau,QC,49.21679,-68.14894,21536
Bedford,NS,44.72552,-63.66732,21474
Fort St. John,BC,56.24988,-120.85292,21465
Bayview Village,ON,43.77639,-79.38028,21396
East End-Danforth,ON,43.68417,-79.29936,21381
Owen Sound,ON,44.56717,-80.94349,21341
Gordon Head,BC,48.48333,-123.31667,21270
Dunbar-Southlands,BC,49.24217,-123.1884,21245
Oakwood Village,ON,43.68278,-79.43833,21210
Uxbridge,ON,44.10012,-79.11628,21176
Thorncliffe Park,ON,43.70775,-79.34998,21108
Townline,BC,49.06206,-122.36008,21095
Haney,BC,49.21667,-122.6,21041
Keswick,ON,44.25011,-79.46632,21000
Varennes,QC,45.68338,-73.43246,20994
Rosedale-Moore Park,ON,43.68282,-79.37967,20923
Cranston,AB,50.88852,-113.98144,20850
Clarence-Rockland,ON,45.5501,-75.29101,20790
Evergreen,AB,50.92917,-114.1,20780
Fergus,ON,43.70604,-80.37761,20767
Port Alberni,BC,49.24133,-124.8028,20712
Wasaga Beach,ON,44.5168,-80.01637,20675
Riverview,NB,46.05455,-64.81597,20584
Renfrew Heights,BC,49.25448,-123.03159,20570
Moss Park,ON,43.65498,-79.37153,20506
Westmount,QC,45.48341,-73.59918,20494
Kirkland,QC,45.45008,-73.86586,20491
Ile-des-Soeurs,QC,45.46033,-73.54817,20461
Camrose,AB,53.01684,-112.83525,20405
Lindsay,ON,44.35012,-78.73286,20354
Yellowknife,NT,62.45411,-114.37248,20340
Cranbrook,BC,49.49991,-115.76879,20047
Woodlawn,NS,44.67747,-63.52733,20000
Templeton-Est,QC,45.49389,-75.58833,20000
Halifax South End,NS,44.62927,-63.57651,19922
Saint-Lazare,QC,45.40008,-74.13256,19889
L'Île-Bizard–Sainte-Geneviève,QC,45.49391,-73.8956,19857
Huntsville,ON,45.33341,-79.21632,19816
Westwood Plateau,BC,49.30461,-122.79338,19776
Lower Lonsdale,BC,49.31406,-123.0725,19718
Tuscany,AB,51.12432,-114.24494,19700
Maywood,BC,49.22219,-123.00588,19650
Terrace,BC,54.51634,-128.60345,19443
North Battleford,SK,52.77972,-108.2967,19440
Salmon Arm,BC,50.69981,-119.26907,19432
Corner Brook,NL,48.95001,-57.95202,19316
Beaconsfield,QC,45.43341,-73.86586,19194
Cole Harbour,NS,44.67244,-63.47506,19096
Dorval,QC,45.4473,-73.75335,18980
Mont-Royal,QC,45.51675,-73.64918,18933
Beloeil,QC,45.56839,-73.20568,18927
Alliston,ON,44.15011,-79.86635,18809
Thorold,ON,43.11682,-79.19958,18801
Quispamsis,NB,45.42135,-65.95127,18768
Dewdney East,SK,50.45428,-104.54671,18715
Evanston,AB,51.16398,-114.12297,18710
O'Connor-Parkview,ON,43.7068,-79.31223,18675
New Glasgow,NS,45.58344,-62.64863,18665
Tillsonburg,ON,42.85986,-80.72617,18615
North St.James Town,ON,43.66962,-79.37525,18615
Eringate-Centennial-West Deane,ON,43.65802,-79.58044,18588
Rivière-du-Loup,QC,47.82699,-69.54243,18586
Pitt Meadows,BC,49.22119,-122.68965,18573
Central Lonsdale,BC,49.32574,-123.07234,18485
Downtown Eastside,BC,49.2818,-123.09351,18477
Hespeler,ON,43.4334,-80.31637,18445
Carey,BC,48.47205,-123.39483,18405
Port Colborne,ON,42.90012,-79.23288,18306
Wîhkwêntôwin,AB,53.54306,-113.52222,18180
Cobourg,ON,43.95977,-78.16515,18099
Auburn Bay,AB,50.88787,-113.95929,18090
Blundell,BC,49.15531,-123.15706,18065
La Baie,QC,48.33982,-70.88928,18036
Oak Bay,BC,48.44964,-123.3026,18015
Stony Plain,AB,53.53343,-114.00205,17993
Weston,ON,43.70359,-79.51513,17992
Kensington-Chinatown,ON,43.65355,-79.39724,17945
Amos,QC,48.56688,-78.11624,17918
St. Andrew-Windfields,ON,43.75625,-79.37904,17812
Brookhaven-Amesbury,ON,43.70133,-79.48559,17757
Esquimalt,BC,48.43569,-123.41174,17655
Taradale,AB,51.11829,-113.93681,17630
Fiddlesticks,ON,43.39484,-80.28741,17576
Miramichi,NB,47.02895,-65.50186,17537
Niagara-on-the-Lake,ON,43.25655,-79.08527,17511
Victoria Village,ON,43.72849,-79.31487,17510
McKenzie Towne,AB,50.91342,-113.96736,17505
Laflèche,QC,45.50008,-73.46587,17499
Sylvan Lake,AB,52.311,-114.08375,17477
Saint-Lin-Laurentides,QC,45.85008,-73.76588,17463
Morningside,ON,43.78727,-79.20636,17455
Valley East,ON,46.64499,-80.9973,17451
Deux-Montagnes,QC,45.53455,-73.90168,17402
Les Coteaux,QC,45.28338,-74.23254,17396
Central Saanich,BC,48.56634,-123.41932,17385
Coventry Hills,AB,51.16869,-114.05903,17350
Saint-Augustin-de-Desmaures,QC,46.74064,-71.45131,17281
Petawawa,ON,45.89452,-77.28007,17187
Danforth East York,ON,43.68947,-79.3314,17180
Kennedy Park,ON,43.72267,-79.26052,17123
Vanier,ON,45.4399,-75.66498,17000
Willowdale West,ON,43.77121,-79.42756,16936
Hillcrest Village,ON,43.80486,-79.35442,16934
University Endowment Lands,BC,49.26418,-123.239,16920
Glace Bay,NS,46.19695,-59.95698,16915
Colwood,BC,48.43293,-123.48591,16859
Leaside-Bennington,ON,43.7038,-79.36607,16828
Mount Pleasant East,ON,43.70485,-79.38492,16775
Sainte-Catherine,QC,45.40008,-73.58248,16762
Greenfield Park,QC,45.48649,-73.46223,16733
Scarborough Village,ON,43.73899,-79.22124,16724
Brocklehurst,BC,50.70825,-120.41337,16713
Buckingham,QC,45.58563,-75.4208,16685
Swift Current,SK,50.28337,-107.80135,16604
Edmundston,NB,47.3737,-68.32512,16580
Trinity-Bellwoods,ON,43.64791,-79.40849,16556
Clayton Park West,NS,44.65759,-63.66887,16550
L'Ancienne-Lorette,QC,46.79392,-71.35191,16516
Armdale,NS,44.63593,-63.62636,16502
Clanton Park,ON,43.74198,-79.4463,16472
Stonebridge,SK,52.08454,-106.62266,16392
Yorkton,SK,51.2167,-102.46766,16343
Lutes Mountain,NB,46.13544,-64.90504,16311
Lansing-Westgate,ON,43.75427,-79.42475,16164
Newtonbrook East,ON,43.79154,-79.40594,16097
Seafair,BC,49.15,-123.18333,16070
Bracebridge,ON,45.03341,-79.31633,16010
Candiac,QC,45.38338,-73.51587,15947
Cliffcrest,ON,43.72192,-79.23091,15935
L'Assomption,QC,45.82318,-73.4294,15906
Greater Napanee,ON,44.25012,-76.94944,15892
Bathurst Manor,ON,43.76481,-79.45606,15873
Maillardville,BC,49.23839,-122.86676,15837
Steinbach,MB,49.52579,-96.68451,15829
Pleasant View,ON,43.78609,-79.33502,15818
Lake Country,BC,50.0088,-119.39672,15817
Saint-Henri,QC,45.46761,-73.60064,15800
Henry Farm,ON,43.76952,-79.3524,15723
Mont-Saint-Hilaire,QC,45.56515,-73.1868,15720
Taylor-Massey,ON,43.695,-79.2959,15683
Saint-Basile-le-Grand,QC,45.53338,-73.28246,15605
Forest Heights,ON,43.41944,-80.52333,15581
Leduc,AB,53.26682,-113.55201,15561
Little Portugal,ON,43.64663,-79.42956,15559
Magog,QC,45.26678,-72.14909,15550
Humbermede,ON,43.7525,-79.54417,15545
Edenbridge-Humber Valley,ON,43.67089,-79.52246,15535
Central Coquitlam,BC,49.26028,-122.83815,15480
Christopher-Champlain,ON,43.34728,-80.30186,15372
Lougheed,BC,49.2481,-122.89236,15300
Arbutus Ridge,BC,49.24966,-123.16934,15295
Saint-Charles-Borromée,QC,46.05007,-73.46586,15285
Saint John West,NB,45.25937,-66.07776,15255
Edgemont,AB,51.12561,-114.14881,15225
Saint-Vincent-de-Paul,QC,45.61678,-73.64918,15194
Lawrence Park South,ON,43.71721,-79.40604,15179
Kenora,ON,49.76741,-94.48985,15096
Sooke,BC,48.37463,-123.72762,15086
Le Plateau,QC,45.43514,-75.7803,15000
East Clayton,BC,49.12487,-122.70172,15000
Roncesvalles,ON,43.64887,-79.45016,14974
Fort Saskatchewan,AB,53.69814,-113.21382,14957
Thompson,BC,49.16667,-123.16667,14955
Burquitlam,BC,49.26667,-122.88333,14896
Halifax North End,NS,44.66556,-63.60898,14893
Summerside,PE,46.3912,-63.78869,14829
Gaspé,QC,48.83341,-64.48194,14819
Matane,QC,48.82857,-67.52197,14812
Comox,BC,49.68294,-124.93613,14806
Yorkdale-Glen Park,ON,43.71467,-79.45711,14804
Mississippi Mills,ON,45.23341,-76.19939,14740
Prince Rupert,BC,54.31507,-130.32098,14708
Lawrence Park North,ON,43.73006,-79.40398,14607
Yaletown,BC,49.27608,-123.11772,14583
West Nipissing,ON,46.37157,-79.92451,14583
Saint John East,NB,45.2878,-66.04066,14579
Rayside-Balfour,ON,46.60873,-81.20763,14557
Tantramar,NB,45.93365,-64.39984,14545
Martindale,AB,51.11806,-113.95556,14540
Brooks,AB,50.58341,-111.88509,14451
Greenwood-Coxwell,ON,43.68035,-79.32661,14417
Harbour Landing,SK,50.40742,-104.6523,14375
Junction Area,ON,43.66789,-79.47144,14366
Humewood-Cedarvale,ON,43.69137,-79.42768,14365
Wychwood,ON,43.67757,-79.4218,14349
Belle-Baie,NB,47.76532,-65.74496,14335
High River,AB,50.58341,-113.86867,14324
Lacombe,AB,52.46681,-113.7353,14258
Briar Hill-Belgravia,ON,43.69902,-79.45285,14257
English Bay,BC,49.28458,-123.14255,14225
Blossom Park,ON,45.34889,-75.62667,14190
Pont-Viau,QC,45.57194,-73.68583,14187
Rosemère,QC,45.63338,-73.79919,14173
Marlborough,BC,49.22946,-122.98986,14169
Williams Lake,BC,52.14153,-122.14451,14168
Sainte-Monique,QC,48.73339,-71.84911,14150
Greenway-Chaplin,ON,43.3842,-80.31139,14146
Corso Italia-Davenport,ON,43.67766,-79.44747,14133
Copperfield,AB,50.91517,-113.92703,14095
Northwood,ON,48.3891,-89.27522,14017
Duvernay-Est,QC,45.65476,-73.60514,14000
Canmore,AB,51.08335,-115.35206,13992
Kerrisdale,BC,49.23442,-123.15511,13975
Simcoe,ON,42.8334,-80.29967,13922
Amherstburg,ON,42.10009,-83.09985,13910
Pembroke,ON,45.81681,-77.11616,13882
Mahogany,AB,50.89608,-113.92487,13860
Grand Falls-Windsor,NL,48.93324,-55.66492,13853
Oakridge,ON,43.69686,-79.28028,13845
Palmerston-Little Italy,ON,43.65916,-79.41841,13826
Davie Village,BC,49.28045,-123.13116,13768
Parkton,NB,46.08553,-64.79536,13745
Pointe-Saint-Charles,QC,45.48072,-73.55485,13731
Ingersoll,ON,43.03339,-80.88302,13693
Ionview,ON,43.73694,-79.27333,13641
Columbia,ON,43.48468,-80.53349,13635
New Hamburg,ON,43.38339,-80.6997,13595
Mount Dennis,ON,43.68694,-79.48917,13593
Strathmore,AB,51.05011,-113.38523,13592
Sainte-Marie,QC,46.43401,-71.01168,13565
Sahali,BC,50.65,-120.33333,13493
Mont-Laurier,QC,46.55011,-75.4993,13405
Centennial Scarborough,ON,43.78238,-79.15084,13362
Brookswood,BC,49.06667,-122.66667,13336
Portage la Prairie,MB,49.97282,-98.29263,13304
McKenzie Lake,AB,50.90833,-113.98056,13290
Powell River,BC,49.83278,-124.52368,13157
Bayview Woods-Steeles,ON,43.7968,-79.38212,13154
North Perth,ON,43.7251,-80.96723,13130
Huntington Hills,AB,51.11667,-114.06667,13120
West Clayton,BC,49.12908,-122.71571,13102
Highland West,ON,43.43152,-80.54429,13066
West Point Grey,BC,49.26667,-123.2,13065
James Bay,BC,48.41667,-123.38333,13055
Walsh Acres-Lakeridge-Garden Ridge,SK,50.49703,-104.65663,13055
The Glebe,ON,45.40393,-75.69005,13055
Signal Hill,AB,51.02361,-114.17361,13000
Truro,NS,45.36685,-63.26538,12954
Douglasdale,AB,50.93889,-113.99306,12920
Dolbeau-Mistassini,QC,48.8786,-72.23142,12916
New Brighton,AB,50.92046,-113.94505,12885
Skyview Ranch,AB,51.15849,-113.95714,12870
Lowertown,ON,45.43193,-75.69319,12824
Forest Hill North,ON,43.70422,-79.42814,12806
South Slope,BC,49.21667,-123.0,12782
Laurentides,QC,47.13336,-72.28239,12710
Hammond,BC,49.21931,-122.65327,12709
Cape Horn,BC,49.22684,-122.8369,12680
Kanata-Lakes,ON,45.32103,-75.91767,12668
Winkler,MB,49.1817,-97.94104,12660
Central,ON,43.46475,-80.52185,12650
Kentville,NS,45.0771,-64.49605,12636
Wetaskiwin,AB,52.96683,-113.36869,12594
Port Hope,ON,44.01682,-78.39953,12587
Strathcona,BC,49.27655,-123.09117,12585
Woodbine Corridor,ON,43.67836,-79.31571,12541
Yonge-St.Clair,ON,43.68786,-79.39787,12528
Shelbourne,BC,48.45299,-123.32903,12525
Elliot Lake,ON,46.38336,-82.63315,12508
Chaparral,AB,50.88611,-114.03333,12500
Highland Creek,ON,43.79068,-79.17555,12494
Sandy Hill,ON,45.42519,-75.67863,12490
Albert Park,SK,50.40726,-104.63111,12475
Willingdon Heights,BC,49.275,-123.00833,12443
Aberdeen,BC,50.65,-120.36667,12437
Albion,BC,49.18751,-122.55687,12424
Downtown,AB,53.54021,-113.49907,12423
Humber Summit,ON,43.7579,-79.57501,12416
Aldergrove,BC,49.05801,-122.47087,12363
Sydney Mines,NS,46.23669,-60.21767,12353
Dawson Creek,BC,55.75984,-120.2403,12323
Sidney,BC,48.64964,-123.40262,12318
Gravenhurst,ON,44.91681,-79.36633,12312
Paris,ON,43.2,-80.38333,12310
Fort Richmond,MB,49.79187,-97.1444,12290
West Cambie,BC,49.18293,-123.11691,12255
Cap-aux-Meules,QC,47.38208,-61.85968,12190
Central Business District,SK,52.13032,-106.66228,12101
Burke Mountain,BC,49.29363,-122.75613,12100
Alderwood,ON,43.60348,-79.54604,12054
Varsity,AB,51.09167,-114.15556,12040
Parksville,BC,49.31947,-124.31575,12000
Queenswood Heights,ON,45.47083,-75.50556,12000
Ambleside,BC,49.32777,-123.14375,11998
Erin,ON,43.7729,-80.06436,11981
Rothesay,NB,45.38046,-65.96744,11977
Champlain Heights,BC,49.20919,-123.026,11958
Beauharnois,QC,45.31341,-73.8725,11918
North Riverdale,ON,43.672,-79.35126,11916
Carleton Place,ON,45.13341,-76.14938,11901
Bathurst,NB,47.61814,-65.65112,11897
Gander,NL,48.95624,-54.61647,11880
Etobicoke West Mall,ON,43.64639,-79.56985,11848
Cameron,BC,49.25619,-122.90671,11844
Glen Cairn,ON,45.29278,-75.88,11836
Promontory,BC,49.10354,-121.9352,11820
Yonge-Eglinton,ON,43.70469,-79.40359,11817
Dufferin Grove,ON,43.65766,-79.42793,11785
Clayburn,BC,49.0691,-122.26176,11755
Fairfield,BC,48.41667,-123.35,11740
Eastern Passage,NS,44.61685,-63.48199,11738
Montmagny,QC,46.98043,-70.55493,11724
Cabbagetown-South St.James Town,ON,43.66765,-79.36611,11669
Saint Romuald,QC,46.75818,-71.23921,11663
Summerland,BC,49.59977,-119.66911,11615
Cold Lake,AB,54.46525,-110.18154,11595
Royal Oak,AB,51.14349,-114.22245,11580
View Royal,BC,48.45793,-123.45261,11575
West Springs,AB,51.06114,-114.19807,11560
Hauterive,QC,49.19572,-68.25813,11549
Hidden Valley,AB,51.14856,-114.1143,11540
Fall River,NS,44.81685,-63.6154,11526
Doon South,ON,43.37818,-80.43091,11524
Broadview North,ON,43.68883,-79.35563,11499
New Toronto,ON,43.60019,-79.50527,11463
Glenwood,BC,49.27338,-122.78003,11437
Murrayville,BC,49.08333,-122.61667,11420
Shellmont,BC,49.13478,-123.09631,11420
Surrey Centre,BC,49.11667,-122.75,11370
Sainte-Marthe-sur-le-Lac,QC,45.53338,-73.9325,11311
Beddington Heights,AB,51.12917,-114.07917,11295
Estevan,SK,49.13337,-102.98422,11258
Farnham,QC,45.28338,-72.98244,11228
Pincourt,QC,45.38338,-73.9825,11197
Coldstream,BC,50.21649,-119.20235,11171
Bécancour,QC,46.34106,-72.43224,11134
Saint-Raymond,QC,46.8901,-71.83415,11108
Weston-Pellam Park,ON,43.67396,-79.46024,11098
North Saanich,BC,48.66634,-123.41933,11089
Whitehorn,AB,51.08333,-113.96667,11085
Keelesdale-Eglinton West,ON,43.68573,-79.47144,11058
Princess-Rosethorn,ON,43.66605,-79.54456,11051
Blackfalds,AB,52.38342,-113.7853,11015
Eagle Ridge,BC,49.28778,-122.82167,11004
La Tuque,QC,47.43337,-72.7824,11001
Queensborough,BC,49.18333,-122.93333,11000
North Kamloops,BC,50.69978,-120.3692,10995
Casa Loma,ON,43.68345,-79.41248,10968
Warman,SK,52.31679,-106.56791,10961
Milton-Parc,QC,45.51004,-73.57455,10961
Humber Heights-Westmount,ON,43.69223,-79.52242,10948
Cowansville,QC,45.20008,-72.74913,10887
Weyburn,SK,49.66675,-103.85109,10870
Regent Park,ON,43.66041,-79.3615,10803
Dover,AB,51.01991,-113.99294,10795
Elmira,ON,43.60009,-80.5497,10790
East Cambie,BC,49.18434,-123.09267,10780
Bowness,AB,51.08344,-114.16866,10770
Forest Hill South,ON,43.69453,-79.41432,10732
Pelmo Park-Humberlea,ON,43.71752,-79.52828,10722
Silverwood Heights,SK,52.17977,-106.62005,10716
Westsyde,BC,50.76667,-120.35,10713
Sainte-Anne-des-Plaines,QC,45.76468,-73.81156,10680
Nelson,BC,49.49985,-117.28553,10664
Saint-Canut,QC,45.71502,-74.08376,10643
Sainte-Adèle,QC,45.95008,-74.13251,10634
Lambton Shores,ON,43.16678,-81.93309,10631
Brow of the Hill,BC,49.20213,-122.92015,10631
Laurentian Hills,ON,43.42,-80.49472,10609
Markland Wood,ON,43.63347,-79.57569,10554
Rundle,AB,51.07419,-113.97079,10545
Victoria Hills,ON,43.44072,-80.52086,10533
Rexdale-Kipling,ON,43.72373,-79.56623,10529
Temple,AB,51.08811,-113.94711,10525
Brentwood Park,BC,49.275,-122.99167,10500
Monterey Park,AB,51.08194,-113.92917,10475
Temiskaming Shores,ON,47.49376,-79.71529,10442
Coal Harbour,BC,49.28977,-123.1232,10441
Preston Centre,ON,43.39437,-80.35936,10441
Centreville Chicopee,ON,43.43556,-80.4281,10434
Cantley,QC,45.5668,-75.78265,10412
Hockaday,BC,49.29678,-122.77035,10373
Thistletown-Beaumond Heights,ON,43.73799,-79.56349,10360
Arbour Lake,AB,51.13472,-114.20278,10335
Falconridge,AB,51.10278,-113.94167,10325
Wallaceburg,ON,42.59303,-82.38853,10323
Selkirk,MB,50.1436,-96.88452,10278
Saint-Félicien,QC,48.65007,-72.44906,10278
Whatcom,BC,49.04144,-122.23988,10270
Angus,ON,44.31681,-79.88295,10269
Hawkesbury,ON,45.60009,-74.61595,10263
Douglas-Gilpin,BC,49.24438,-122.98215,10234
Roberval,QC,48.5168,-72.23244,10227
Sainte-Agathe-des-Monts,QC,46.05009,-74.28252,10223
Fernwood,BC,48.42979,-123.34424,10200
Gastown,BC,49.28513,-123.11168,10187
Citadel,AB,51.14533,-114.18125,10180
Lake Bonavista,AB,50.94204,-114.05422,10145
Prévost,QC,45.86678,-74.08251,10132
Mercier,QC,45.3105,-73.73976,10121
South Clearbrook,BC,49.04065,-122.32794,10120
Shuniah,ON,48.46318,-89.20744,10118
Spryfield,NS,44.61163,-63.61771,10118
Maple Leaf,ON,43.71557,-79.48076,10111
Garden Village,BC,49.23333,-123.0,10087
Long Branch,ON,43.5914,-79.53252,10084
Tillicum,BC,48.45,-123.4,10080
Rockingham,NS,44.67336,-63.64488,10079
Penetanguishene,ON,44.7834,-79.91637,10077
Runnymede-Bloor West Village,ON,43.65927,-79.48571,10070
Marshall-McCallum,BC,49.03723,-122.30168,10055
Sardis,BC,49.13333,-121.95,10010
Hanceville,BC,51.91922,-123.04458,10000
Petite-Bourgogne,QC,45.48867,-73.56812,10000
South Huron,ON,43.31679,-81.51647,9982
Caledonia-Fairbank,ON,43.68857,-79.45521,9955
Rustic,ON,43.71161,-79.49809,9941
L'Île-Perrot,QC,45.38338,-73.9492,9927
Guildwood,ON,43.75262,-79.19486,9917
Acadia,AB,50.97172,-114.05688,9915
Historic Downtown,BC,49.05141,-122.29335,9910
Sunshine Hills,BC,49.11667,-122.9,9900
Hinton,AB,53.40009,-117.58567,9889
Notre-Dame-de-l'Île-Perrot,QC,45.36678,-73.9325,9885
Quesnel,BC,52.97842,-122.4931,9879
Pineridge,AB,51.07441,-113.94608,9850
Morinville,AB,53.80014,-113.65203,9848
Springbank Hill,AB,51.03254,-114.19481,9840
Nashwaaksis,NB,45.98011,-66.65793,9831
Plantagenet,ON,45.5326,-74.99369,9680
Danforth,ON,43.68403,-79.32982,9666
Overbrook,ON,45.42726,-75.65204,9650
Belle River,ON,42.29264,-82.71192,9650
Grand River South,ON,43.45043,-80.40432,9649
Martensville,SK,52.28339,-106.66792,9645
Lorraine,QC,45.68338,-73.78249,9613
Sundance,AB,50.9,-114.03889,9590
Lachute,QC,45.65008,-74.33253,9562
Port Perry,ON,44.10676,-78.94441,9553
Maple Hills,NB,46.21332,-64.86945,9547
Val-des-Monts,QC,45.6501,-75.66604,9539
Saint-Amable,QC,45.65008,-73.29916,9486
Garneau,AB,53.52083,-113.5125,9480
Gunningsville,NB,46.0739,-64.77304,9479
Elms-Old Rexdale,ON,43.72152,-79.54898,9456
Aspen Woods,AB,51.0428,-114.19275,9435
Downtown St. John's,NL,47.56075,-52.711,9431
Olympic Village,BC,49.26997,-123.11185,9423
Little's Corners,ON,43.34386,-80.27583,9413
The Hamptons,AB,53.48802,-113.67565,9405
Amherst,NS,45.83345,-64.19874,9404
The Blue Mountains,ON,44.5584,-80.458,9390
Acton,ON,43.62969,-80.04149,9377
Sage Hill,AB,51.17592,-114.14111,9345
Dorchester,ON,42.98339,-81.06643,9329
Qualicum Beach,BC,49.34783,-124.44231,9303
Blair Road,ON,43.37112,-80.33448,9289
Hampton Village,SK,52.15421,-106.71752,9288
Uptown,BC,49.2121,-122.91929,9273
Bells Corners,ON,45.31588,-75.83012,9272
Kingsway South,ON,43.65352,-79.51058,9271
Bridle Path-Sunnybrook-York Mills,ON,43.73101,-79.37891,9266
Huron East,ON,43.61679,-81.29975,9264
Blairmore,SK,52.13081,-106.74275,9253
McMillan,BC,49.04494,-122.26665,9250
Old East York,ON,43.69678,-79.33549,9233
Olds,AB,51.78341,-114.10199,9209
Riverbend,AB,50.975,-114.01389,9205
Saint-Sauveur,QC,45.88686,-74.17943,9191
Millview,NS,44.70934,-63.67035,9189
Carleton North,NB,46.49895,-67.55754,9170
Cap-Acadie,NB,46.20142,-64.32416,9165
Hawkwood,AB,51.13122,-114.17353,9115
Pioneer Park,ON,43.39269,-80.44095,9108
North Central,SK,50.45715,-104.62776,9085
Lewisville,NB,46.10437,-64.7532,9060
Shawnessy,AB,50.90694,-114.08194,9055
Redstone,AB,51.17048,-113.95777,9050
Greely,ON,45.26139,-75.56111,9049
Riverwood,BC,49.25579,-122.73579,9008
Willowgrove,SK,52.14681,-106.55466,9003
Kitimat,BC,54.05244,-128.65342,8987
La Malbaie,QC,47.654,-70.15268,8959
Beechwood,ON,43.46041,-80.54989,8925
Mont-Tremblant,QC,46.21274,-74.58438,8892
Smiths Falls,ON,44.90452,-76.02333,8885
Sechelt,BC,49.47512,-123.75903,8832
Forest Hills,NS,44.68009,-63.48823,8822
Oromocto,NB,45.83512,-66.47917,8805
Binbrook,ON,43.12135,-79.81104,8796
Arnprior,ON,45.43341,-76.34939,8795
Bridgewater,NS,44.37856,-64.51882,8790
Harewood,BC,49.1474,-123.94739,8769
Lincoln,ON,43.49527,-80.50656,8765
Whitecourt,AB,54.15015,-115.68548,8763
Lavaltrie,QC,45.88338,-73.28245,8762
Rosemont-Mount Royal,SK,50.46288,-104.66477,8760
Nolan Hill,AB,51.17551,-114.16552,8755
Woodbine,AB,50.9375,-114.12917,8745
Pont-Rouge,QC,46.75468,-71.69566,8723
Whistler,BC,50.11817,-122.95396,8713
Thorncliffe,AB,51.10278,-114.06667,8695
Embrun,ON,45.27573,-75.27266,8680
Morden,MB,49.1919,-98.10136,8668
Beausoleil,NB,46.29835,-64.60329,8620
Silver Springs,AB,51.10417,-114.19155,8570
Ladysmith,BC,48.99016,-123.81699,8537
Lochdale,BC,49.27373,-122.96479,8535
Dalhousie,AB,51.11161,-114.15876,8530
Albro Lake,NS,44.68414,-63.58129,8503
New Horizons,BC,49.28125,-122.77906,8495
Holmwood,SK,52.1234,-106.53904,8495
Prairie View,SK,50.47671,-104.68614,8465
Otterburn Park,QC,45.53338,-73.21585,8464
Dauphin,MB,51.14941,-100.05023,8457
Drumheller,AB,51.46171,-112.71011,8430
Shaughnessy,BC,49.25,-123.13333,8430
Clinton-Glenwood,BC,49.21213,-122.97957,8422
Rutherford,AB,53.41833,-113.52989,8407
King City,ON,43.92856,-79.52694,8396
Bois-des-Filion,QC,45.66678,-73.74918,8383
Victoria West,BC,48.43188,-123.38214,8365
Woodside,NS,44.65015,-63.54869,8348
Castlegar,BC,49.32317,-117.65831,8338
Wildwood,SK,52.10976,-106.5945,8337
Somerset,AB,50.89583,-114.08611,8320
Ogden,AB,50.99306,-114.01389,8315
Banff,AB,51.17622,-115.56982,8305
Kapuskasing,ON,49.41694,-82.43308,8292
Marlborough Park,AB,51.05833,-113.94444,8290
Burnaby Heights,BC,49.28333,-123.0,8280
Westfort,ON,48.36509,-89.28902,8256
Concord,ON,43.80011,-79.48291,8255
Penbrooke Meadows,AB,51.05,-113.93333,8235
Silver Heights,ON,43.44012,-80.31471,8235
Essex,ON,42.17509,-82.82483,8233
Boischatel,QC,46.89434,-71.1448,8231
Notre-Dame-des-Prairies,QC,46.05007,-73.43245,8230
Downtown Commercial Core,AB,51.0472,-114.06996,8225
Renfrew,ON,45.46681,-76.68272,8223
Uptown Saint John,NB,45.2728,-66.05945,8221
Coaldale,AB,49.7167,-112.61854,8215
Rocky Ridge,AB,51.14479,-114.24459,8195
Humphrey,NB,46.11987,-64.77797,8195
Dryden,ON,49.78334,-92.75032,8195
Richmond West,MB,49.78319,-97.1659,8190
Blackburn Hamlet,ON,45.43671,-75.56462,8173
Taber,AB,49.78703,-112.14603,8163
Colonial Acres,ON,43.50107,-80.51774,8163
Shelburne,ON,44.0787,-80.20408,8126
Cordova Bay,BC,48.51667,-123.36667,8100
Silver Berry,AB,53.45787,-113.3817,8089
Saint-Hippolyte,QC,45.93338,-74.0159,8083
Cedar Valley,BC,49.16172,-122.31047,8080
Woodwards,BC,49.14675,-123.15489,8055
Wild Rose,AB,53.4708,-113.38119,8031
Central Moncton,NB,46.09696,-64.79623,8023
Chelsea,QC,45.5001,-75.78265,8000
Legacy,AB,50.85603,-114.00486,8000
Lakeview,SK,52.09532,-106.59783,7996
Lambton Baby Point,ON,43.65742,-79.49605,7985
Silverado,AB,50.88479,-114.07174,7975
Edson,AB,53.58345,-116.43559,7975
South Cambie,BC,49.25,-123.11667,7970
Saint-Apollinaire,QC,46.61289,-71.51258,7968
Kahnawake,QC,45.41076,-73.68139,7965
Ranch Park,BC,49.26047,-122.80906,7925
Trail,BC,49.09983,-117.70223,7920
Chandler,QC,48.34935,-64.67926,7914
Al Ritchie,SK,50.44248,-104.58496,7890
Popcorn House,ON,43.41953,-80.29878,7889
Three Rivers,PE,46.1845,-62.5679,7883
East Newton South,BC,49.12938,-122.80904,7881
Douglas,BC,49.10229,-122.65114,7867
Woodbine-Lumsden,ON,43.69214,-79.3097,7865
Port Elgin,ON,44.43605,-81.38981,7862
Hillside-Quadra,BC,48.44473,-123.35598,7860
Membertou,NS,46.11518,-60.18932,7859
Torbay,NL,47.66659,-52.73135,7852
Scenic Acres,AB,51.11806,-114.22222,7850
Saint-Sauveur-des-Monts,QC,45.90008,-74.16591,7849
Hintonburg,ON,45.40379,-75.7283,7844
Downtown Moncton,NB,46.09231,-64.78535,7837
Harvest Hills,AB,51.14791,-114.0513,7805
Playter Estates-Danforth,ON,43.6797,-79.35489,7804
Elora,ON,43.6834,-80.43299,7800
Kirkland Lake,ON,48.14461,-80.03767,7775
Fort Frances,ON,48.61667,-93.4003,7739
Blake-Jones,ON,43.67617,-79.33739,7727
La Sarre,QC,48.80019,-79.19964,7719
Manor Park,NS,44.67164,-63.54898,7716
Centennial Place,NB,46.08333,-64.81667,7698
Hanover,ON,44.15009,-81.03303,7688
Innisfail,AB,52.02688,-113.95071,7672
Acton Vale,QC,45.65007,-72.56582,7656
Walden,AB,50.86973,-114.02584,7650
Goderich,ON,43.74171,-81.71339,7628
University,ON,43.66251,-79.40118,7607
Saint-Philippe,QC,45.37597,-73.48111,7597
Oaklands,BC,48.4439,-123.34065,7585
Brentwood Bay,BC,48.58294,-123.45262,7581
Rosewood,SK,52.09269,-106.5542,7575
Happy Valley-Goose Bay,NL,53.3038,-60.32576,7572
Confederation Park,SK,52.14032,-106.73673,7571
Chibougamau,QC,49.91684,-74.36586,7563
Ct 0014,QC,45.55754,-73.54319,7550
Revelstoke,BC,50.99712,-118.1953,7547
South Pointe,MB,49.77918,-97.17979,7535
Shediac,NB,46.21981,-64.54107,7535
South Terwillegar,AB,53.44006,-113.57893,7532
Listowel,ON,43.7334,-80.94973,7530
Canyon Springs,BC,49.29148,-122.79542,7528
Pont Rouge,QC,48.88332,-72.08247,7518
Burnside,NS,44.70175,-63.60051,7506
Camlachie,ON,43.03596,-82.1616,7506
South Arm,BC,49.14032,-123.12483,7503
Ranchlands,AB,51.11667,-114.18333,7490
Sunbury-York South,NB,45.83776,-66.60984,7455
Cascade Heights,BC,49.25,-123.01667,7449
Napanee,ON,44.25012,-76.94944,7439
Canyon Meadows,AB,50.94285,-114.08092,7435
Iqaluit,NU,63.74697,-68.51727,7429
Carignan,QC,45.45008,-73.29916,7426
Kimberley,BC,49.67071,-115.9776,7425
Brentwood,AB,51.09813,-114.13319,7410
Sherwood,PE,46.26822,-63.12839,7404
College Park,BC,49.28199,-122.87865,7396
St. Marys,ON,43.25009,-81.13304,7386
Kingsway-Beresford,BC,49.22482,-122.96403,7376
Beaumont,AB,53.35013,-113.41871,7366
Queen Mary Park,AB,53.55479,-113.51718,7365
Hamptons,AB,51.1436,-114.14846,7360
East Newton North,BC,49.14347,-122.81388,7336
Lexington,ON,43.49736,-80.49121,7330
Eastern Charlotte,NB,45.10301,-66.79484,7325
Delson,QC,45.36678,-73.54917,7322
East Hespeler,ON,43.43458,-80.29559,7321
Altadore,AB,51.01651,-114.10323,7290
Twin Lakes,SK,50.50068,-104.67527,7280
Heritage Park,ON,43.45639,-80.44417,7263
Northeast Regina,SK,50.47678,-104.60686,7260
Grand Centre,AB,54.41628,-110.21304,7256
Cathedral,SK,50.44512,-104.63124,7250
Glenbrook,AB,51.02971,-114.14561,7240
Coronation Park,SK,50.47837,-104.62555,7235
Inlet Centre,BC,49.27611,-122.84538,7232
Forest Lawn,AB,51.0375,-113.97222,7230
Quinpool District,NS,44.64335,-63.59847,7228
Labrador City,NL,52.94626,-66.91137,7220
Donnacona,QC,46.68042,-71.7239,7200
Mill Bay,BC,48.65,-123.55,7200
"United Townships of Dysart, Dudley, Harcourt, Guilford, Harburn, Bruton, Havelock, Eyre and Clyde",ON,45.2,-78.41667,7182
Stanley Park,ON,43.44639,-80.44417,7181
Marpole South,BC,49.20613,-123.13182,7150
Cougar Ridge,AB,51.07113,-114.20842,7150
Baie-Saint-Paul,QC,47.44109,-70.49858,7146
Merritt,BC,50.11225,-120.7942,7139
Columbia Hills,ON,43.46987,-80.60084,7125
Yennadon,BC,49.23297,-122.5859,7116
Pointe-du-Lac,QC,48.50009,-71.78241,7104
Val-des-Sources,QC,45.76678,-71.9324,7088
Bluewater,ON,43.46679,-81.59977,7044
Coteau-du-Lac,QC,45.30008,-74.18253,7044
Kincora,AB,51.15943,-114.1337,7030
Coaticook,QC,45.13339,-71.79907,7021
Hampstead,QC,45.48075,-73.6467,6996
Beechwood West,ON,43.45823,-80.56614,6990
King,ON,43.96514,-79.59011,6970
Port Wallace,NS,44.69882,-63.54767,6963
Haysboro,AB,50.96667,-114.08333,6960
Boyle Street,AB,53.55,-113.47917,6947
Sturgeon Falls,ON,46.36679,-79.91636,6939
Central York,NB,46.0051,-66.90803,6930
Saint-Rémi,QC,45.26678,-73.61588,6891
Campbellton,NB,48.00751,-66.67272,6883
Burnside-Gorge,BC,48.44339,-123.37605,6875
Allard,AB,53.40019,-113.52655,6847
Peace River,AB,56.23715,-117.29176,6842
Eastbridge,ON,43.51273,-80.50816,6840
Slave Lake,AB,55.28344,-114.76896,6836
Applewood Park,AB,51.04306,-113.925,6830
Yarmouth,NS,43.83345,-66.11557,6829
Gibsons,BC,49.39539,-123.50555,6821
Erin Woods,AB,51.02061,-113.96985,6790
Saint-Zotique,QC,45.25009,-74.24924,6773
Hillsdale,SK,50.42004,-104.60888,6745
Saint-Anselme,NB,46.06395,-64.71261,6740
Albert Park/Radisson Heights,AB,51.04294,-113.99584,6740
Westvale,ON,43.44452,-80.55669,6730
Kincardine,ON,44.18339,-81.63307,6725
New Waterford,NS,46.25014,-60.08175,6723
Beaubassin East,NB,46.20917,-64.418,6718
Ct 0012,QC,45.57861,-73.53771,6710
Clarenville,NL,48.1666,-53.96482,6704
Downtown Dieppe,NB,46.09521,-64.74371,6690
Hope,BC,49.38299,-121.44144,6686
West St. Paul,MB,50.01043,-97.14213,6682
Plessisville,QC,46.21856,-71.76201,6677
Brownsburg-Chatham,QC,45.68342,-74.4159,6664
Harbourview,NS,44.67717,-63.58543,6656
Ponoka,AB,52.6768,-113.58147,6656
Millrise,AB,50.91667,-114.08472,6655
Kiniski Gardens,AB,53.47503,-113.40121,6637
West Hillhurst,AB,51.05407,-114.12083,6635
Port Haney,BC,49.21227,-122.60474,6630
Terwillegar Towne,AB,53.44984,-113.57843,6627
Lakeshore Village,ON,43.48833,-80.55111,6620
Country Hills West,ON,43.41111,-80.48653,6615
Ct 0003,QC,45.60562,-73.52713,6600
Whitmore Park,SK,50.40421,-104.60666,6600
Enfield,NS,44.9434,-63.53613,6583
Alberta Avenue,AB,53.56667,-113.48333,6581
Huron Park,ON,43.40231,-80.47927,6579
Beechborough-Greenbrook,ON,43.69322,-79.47947,6577
Glamorgan,AB,51.01775,-114.14675,6575
Mont-Joli,QC,48.58388,-68.19214,6568
Pearlgate,NL,47.5019,-52.80324,6555
Devon,AB,53.36683,-113.73533,6545
Departure Bay,BC,49.20207,-123.97618,6540
Nanoose Bay,BC,49.27237,-124.19332,6540
Stephenville,NL,48.55001,-58.5818,6540
Rocky Mountain House,AB,52.36683,-114.9188,6527
Millidgeville,NB,45.3017,-66.10319,6527
Port-Cartier,QC,50.03339,-66.86545,6516
Punjabi Market,BC,49.23303,-123.10161,6510
Midnapore,AB,50.91532,-114.05903,6480
Mundy Pond,NL,47.5491,-52.74648,6448
Ct 0011,QC,45.58357,-73.53525,6439
Twin Brooks,AB,53.44272,-113.53038,6435
Cumberland,AB,53.61094,-113.5534,6411
Pointe-Calumet,QC,45.50008,-73.9659,6396
Saint-Honoré,QC,48.53338,-71.08236,6376
Beauceville,QC,46.21785,-70.77873,6354
Dunluce,AB,53.62286,-113.52654,6341
Capitol Hill,BC,49.28333,-122.98333,6330
Sapperton,BC,49.22642,-122.89452,6327
Parry Sound,ON,45.34732,-80.03527,6321
Agassiz,BC,49.23298,-121.76926,6300
Downtown Dartmouth,NS,44.66684,-63.56595,6300
Nutana,SK,52.11893,-106.65617,6294
Wainwright,AB,52.83482,-110.85342,6270
Amqui,QC,48.46382,-67.43134,6261
Inglewood,AB,53.56203,-113.53598,6255
Hammonds Plains,NS,44.73386,-63.77551,6242
Crescent Heights,AB,51.06276,-114.0683,6240
Ironwood,BC,49.12609,-123.09512,6236
Saint-Joseph-du-Lac,QC,45.53338,-73.9992,6195
King Edward,MB,49.88461,-97.21331,6190
Beaurivage,NB,46.68206,-64.96023,6160
Oxford Heights,BC,49.28115,-122.76013,6156
Clair Hills,ON,43.45625,-80.58172,6145
Hautes-Terres,NB,47.62877,-65.09284,6140
Russell,ON,45.2501,-75.36602,6135
Castleridge,AB,51.10556,-113.95556,6130
Town Plat,NB,45.96122,-66.6499,6104
Fundy Albert,NB,45.80271,-64.65977,6100
Drayton Valley,AB,53.21682,-114.98544,6099
Southwood,AB,50.9561,-114.08495,6095
Argyle Park,SK,50.49032,-104.62833,6095
Chippawa,ON,43.0571,-79.04717,6077
Mount Cashel,NL,47.58882,-52.70962,6047
Glenrosa,BC,49.85,-119.66667,6039
Saint-Félix-de-Valois,QC,46.16977,-73.42525,6029
Stride Hill,BC,49.20957,-122.96379,6019
Bay Roberts,NL,47.59989,-53.26478,6012
Ganges,BC,48.85342,-123.50032,6000
Beaver Bank,NS,44.82484,-63.68079,6000
Cedar Cove,BC,49.28648,-123.06077,6000
Glastonbury,AB,53.50332,-113.66985,5991
Dundonald,SK,52.14838,-106.72839,5988
Bonnyville,AB,54.26684,-110.73505,5975
Saint-Césaire,QC,45.40948,-73.00104,5972
Forest Grove,SK,52.14199,-106.59089,5957
Roxboro,QC,45.50841,-73.80752,5948
McMasterville,QC,45.55008,-73.26585,5936
Cedarbrae,AB,50.95648,-114.12975,5935
Mayland Heights,AB,51.06084,-114.01114,5925
Abbeydale,AB,51.0593,-113.92857,5925
Lymburn,AB,53.50754,-113.64216,5914
Dunnville,ON,42.90011,-79.61631,5907
Bridgeport,ON,43.4834,-80.48299,5902
Kilbride,NL,47.50649,-52.75596,5901
Garden City,BC,49.16711,-123.12178,5885
Flin Flon,MB,54.76703,-101.87433,5865
Ottewell,AB,53.52766,-113.43049,5848
Sioux Lookout,ON,50.09906,-91.92158,5839
Woodlands,AB,50.94167,-114.10833,5830
Louiseville,QC,46.25594,-72.94145,5819
Sandstone Valley,AB,51.13811,-114.0937,5795
Melfort,SK,52.86673,-104.61768,5778
Norway House,MB,53.98214,-97.83265,5753
Lac-Mégantic,QC,45.58338,-70.88234,5747
Sutherland,SK,52.13899,-106.60402,5746
St. Paul,AB,53.98347,-111.28507,5728
Grand Lake,NB,46.11258,-65.95682,5725
Vegreville,AB,53.50015,-112.05182,5708
Braeside,AB,50.95421,-114.10538,5700
Rosedale,BC,49.18333,-121.8,5700
North Sydney,NS,46.20777,-60.25489,5699
Kilkenny,AB,53.60833,-113.45278,5699
Ct 0013,QC,45.56922,-73.54416,5694
Princeville,QC,46.17163,-71.87462,5693
Quilchena,BC,49.24341,-123.1508,5692
Corunna,ON,42.88338,-82.43313,5686
La Ronge,SK,55.10013,-105.28422,5671
Nicolet,QC,46.23085,-72.61292,5669
Second Street,BC,49.22372,-122.92205,5666
Sherwood-McCarthy,SK,50.49171,-104.68055,5660
Booth,MB,49.88505,-97.26952,5660
Ct 0007,QC,45.59465,-73.52896,5655
Evansdale,AB,53.61033,-113.48113,5645
Petrolia,ON,42.882,-82.152,5632
Lac-Brome,QC,45.21678,-72.51581,5629
Île-de-Lamèque,NB,47.84661,-64.59607,5627
Timberlea,NS,44.66239,-63.74625,5627
MacEwan,AB,53.42845,-113.5274,5618
Coral Springs,AB,51.10139,-113.93056,5610
Rosemount,ON,43.45694,-80.46361,5610
Lively,ON,46.43338,-81.14975,5608
Sainte-Anne-des-Monts,QC,49.12402,-66.49243,5602
Chartersville,NB,46.08494,-64.73339,5600
Marieville,QC,45.43338,-73.16585,5600
Charlemagne,QC,45.71678,-73.48247,5594
Creston,BC,49.09987,-116.50211,5583
Callingwood South,AB,53.5,-113.625,5581
Convoy Place,NS,44.66785,-63.61431,5581
Redcliff,AB,50.08336,-110.78495,5581
Perth,ON,44.90011,-76.24939,5573
Bearspaw,AB,51.13341,-114.302,5567
Idlewood,ON,43.45004,-80.42768,5560
Osoyoos,BC,49.03306,-119.45237,5556
Ellerslie,AB,53.42876,-113.45641,5552
Vieux-Montréal,QC,45.50621,-73.54164,5549
Kensington,SK,52.13352,-106.75963,5545
Fairhaven,SK,52.12143,-106.72839,5542
Heron Bay,NB,48.02185,-66.39597,5536
Montcalm,MB,49.81192,-97.15329,5520
Downtown Charlottetown,PE,46.23253,-63.12734,5517
The Pas,MB,53.82159,-101.24488,5513
Highway 11,BC,49.03576,-122.28365,5500
Stettler,AB,52.31683,-112.71861,5494
College Heights,ON,48.44072,-89.23475,5476
Hillhurst,AB,51.05434,-114.09431,5475
Saanich Core,BC,48.45481,-123.37451,5470
Gananoque,ON,44.33342,-76.16607,5458
Saint-Roch-de-l'Achigan,QC,45.85921,-73.58959,5453
Terra Nova,BC,49.16972,-123.18905,5447
Saint-Pie,QC,45.50277,-72.9089,5438
Butternut Valley,NB,45.83331,-65.5347,5435
Viscount Alexander Park,ON,45.45273,-75.6312,5430
Parkridge,SK,52.12421,-106.75116,5430
Chisasibi,QC,53.78333,-78.9,5397
North End,NB,45.27017,-66.08137,5389
Ayr,ON,43.2834,-80.44968,5383
Lyndhurst,BC,49.26544,-122.89919,5370
Greenwood,NS,44.97413,-64.93169,5369
Rabbittown,NL,47.56799,-52.72304,5368
Valley Ridge,AB,51.09722,-114.25694,5365
Smithers,BC,54.78036,-127.17428,5351
Dundarave,BC,49.3362,-123.18764,5350
Lang's Farm,ON,43.39783,-80.33558,5347
Cookshire-Eaton,QC,45.41675,-71.6324,5344
Delhi,ON,42.8501,-80.49968,5344
Southlands,NL,47.49313,-52.8238,5340
Hildegarde,NB,46.12296,-64.85392,5327
Armstrong,BC,50.44979,-119.20235,5323
Deer Lake,NL,49.16671,-57.43163,5319
Ormsby Place,AB,53.49861,-113.64167,5314
Mount Royal,SK,52.13588,-106.70061,5305
Donovans,NL,47.52184,-52.83635,5302
Sussex,NB,45.72266,-65.50663,5298
Briarwood,SK,52.1111,-106.55907,5297
Bridgwater Forest,MB,49.80481,-97.18287,5295
Jubilee,BC,48.43034,-123.32833,5290
Lawson Heights,SK,52.17115,-106.6195,5285
Uplands,SK,50.49337,-104.60583,5270
Southdale,ON,43.43363,-80.49117,5267
Baturyn,AB,53.63333,-113.50139,5267
Meadow Lake,SK,54.13348,-108.43471,5266
Fernie,BC,49.49996,-115.06871,5249
Arbor Creek,SK,52.13154,-106.57185,5226
Fundy-St. Martins,NB,45.40777,-65.43908,5225
Grand Falls,NB,47.04609,-67.74179,5220
Val-David,QC,46.03338,-74.21592,5209
Richelieu,QC,45.44336,-73.24602,5208
Marystown,NL,47.16663,-55.14829,5204
Clayton Park,NS,44.66029,-63.64731,5201
Belmont,AB,53.59245,-113.39367,5198
Sainte-Anne-de-Bellevue,QC,45.40618,-73.9456,5197
Silverspring,SK,52.15621,-106.59231,5195
Downtown Fredericton,NB,45.96201,-66.64047,5193
Lakeshore North-Conservation,ON,43.49656,-80.56116,5190
Hollick-Kenyon,AB,53.62209,-113.42465,5189
Rawdon,QC,46.05007,-73.71587,5188
Montréal-Ouest,QC,45.45286,-73.64918,5184
Beaverbrook,ON,45.3302,-75.90597,5182
Brintnell,AB,53.62077,-113.40757,5178
Empire Park,AB,53.48472,-113.50139,5176
Pleasant Hill,SK,52.1256,-106.6995,5169
Tuxedo Park,AB,51.07463,-114.06023,5165
Grand Bay-Westfield,NB,45.36187,-66.24166,5162
Laurelwood,ON,43.46866,-80.58005,5150
Waverley Heights,MB,49.80816,-97.16758,5150
Tottenham,ON,44.02437,-79.80553,5143
Bankview,AB,51.03333,-114.1,5125
Champdoré,NB,46.38601,-64.78239,5115
Hanwell,NB,45.88308,-66.76905,5108
Imperoyal,NS,44.63618,-63.5273,5102
La Perle,AB,53.53611,-113.64028,5099
Oliver,BC,49.18306,-119.5524,5094
Hudson,QC,45.45008,-74.14922,5088
Shannon,QC,46.88026,-71.51464,5086
Churchill Park,NL,47.577,-52.721,5086
Bridgeview,BC,49.2081,-122.86028,5082
Bible Hill,NS,45.375,-63.238,5076
Fairvale,NB,45.40083,-65.97167,5075
Metchosin,BC,48.38293,-123.53591,5067
Spallumcheen,BC,50.40146,-119.22039,5055
Breslau,ON,43.4668,-80.41638,5053
Willow Park,AB,50.95556,-114.05556,5050
Ermineskin,AB,53.45755,-113.50405,5045
Mount Forest,ON,43.97948,-80.72205,5040
Almonte,ON,45.22993,-76.19585,5039
Mount Hope Huron Park,ON,43.45942,-80.49644,5030
Memramcook,NB,46.00435,-64.55156,5029
Rural Saanich,BC,48.49734,-123.42876,5025
Sainte Catherine de la Jacques Cartier,QC,46.85244,-71.62056,5021
Belvedere,AB,53.59312,-113.43864,5018
Saint-Joseph-de-Beauce,QC,46.3,-70.86667,5014
Lakeburn,NB,46.10014,-64.68205,5014
Peachland,BC,49.76862,-119.74633,5006
Antigonish,NS,45.61685,-61.99858,5003
Breakeyville,QC,46.68037,-71.22327,5000
Univercity,BC,49.27849,-122.90503,5000
Larkspur,AB,53.47942,-113.38142,4988
College Park East,SK,52.11949,-106.57561,4987
Airport Heights,NL,47.59989,-52.74805,4956
Baden,ON,43.4001,-80.6497,4940
Colby Village,NS,44.66509,-63.48483,4934
Mount Albert,ON,44.13341,-79.3163,4925
City Park,SK,52.13825,-106.65447,4912
Meaford,ON,44.60725,-80.61081,4910
Deer Run,AB,50.91754,-114.00976,4910
Kingsland,AB,50.98988,-114.0786,4900
Glenbrooke North,BC,49.21667,-122.91667,4882
Exeter,ON,43.34353,-81.47933,4863
LeMoyne,QC,45.50008,-73.49361,4855
Central Lynn,BC,49.33897,-123.03751,4850
McKee,BC,49.06146,-122.24154,4840
Carbonear,NL,47.73919,-53.2272,4838
Saint-Jean-de-Matha,QC,46.23147,-73.53416,4838
Greektown,BC,49.26412,-123.1757,4836
Chertsey,QC,46.07109,-73.89095,4836
Morley-Buckingham,BC,49.22597,-122.9573,4828
Heritage,SK,50.44822,-104.60079,4825
Humboldt,SK,52.20005,-105.1255,4822
Country Hills,ON,43.415,-80.47389,4821
Klarvatten,AB,53.63456,-113.47289,4778
Meadowgreen,SK,52.11893,-106.71145,4771
Warwick,QC,45.95007,-71.9824,4766
Grand River North,ON,43.45947,-80.43193,4765
Humphreys Mills,NB,46.11237,-64.7589,4754
Hearst,ON,49.68351,-83.66654,4746
Current River,ON,48.46948,-89.18734,4744
Walkerton,ON,44.13023,-81.15309,4724
Britannia Youngstown,AB,53.54722,-113.6,4723
Picton,ON,44.00176,-77.14637,4702
Central McDougall,AB,53.55417,-113.5,4694
Tilbury,ON,42.26679,-82.43311,4687
Espanola,ON,46.25837,-81.76649,4682
Waterford Valley,NL,47.53101,-52.74537,4681
Queen Alexandra,AB,53.50833,-113.50833,4679
Westlock,AB,54.15016,-113.86876,4678
Heritage Mountain,BC,49.29079,-122.83189,4664
Azilda,ON,46.55008,-81.09975,4663
New Minas,NS,45.0691,-64.46958,4662
Mississauga Beach,ON,43.25876,-79.08625,4662
Rusagonis,NB,45.80276,-66.6204,4661
Rivière-Rouge,QC,46.41679,-74.86596,4645
Greenstone,ON,49.73343,-87.16668,4636
Rockwood,ON,43.61899,-80.14441,4629
Grand Bank,NL,47.09995,-55.76504,4623
River Heights,SK,52.16254,-106.63422,4614
Whitney Pier,NS,46.15931,-60.18662,4612
Ct 0006,QC,45.60083,-73.51189,4611
Neepawa,MB,50.22892,-99.46642,4609
L'Épiphanie,QC,45.85008,-73.48246,4606
Belmead,AB,53.52543,-113.6416,4602
East Richmond-Fraser Lands,BC,49.15971,-123.02973,4595
Queensland,AB,50.93889,-114.02222,4585
Barrhead,AB,54.13345,-114.40211,4579
Harbour Chines,BC,49.26667,-122.85,4577
Carisbrooke,BC,49.34162,-123.06501,4577
La Pocatière,QC,47.36733,-70.03484,4575
Evergreen Village,NL,47.53877,-52.83393,4573
Pacific Heights,SK,52.13477,-106.742,4570
Caledon East,ON,43.86913,-79.86691,4568
Galt,ON,43.35583,-80.31056,4561
Pollard Meadows,AB,53.44861,-113.4125,4553
Blue Quill,AB,53.45755,-113.52654,4552
Valley Waters,NB,45.67299,-65.83704,4549
South Calgary,AB,51.02795,-114.10383,4540
Duggan,AB,53.47201,-113.50602,4530
Saint-Agapit,QC,46.55674,-71.44186,4526
Gabriola,BC,49.17043,-123.8499,4500
Ozerna,AB,53.6227,-113.44877,4495
Dallas,BC,50.66648,-120.16919,4479
Lac-Alouette,QC,45.81698,-73.9592,4473
Spring Garden,NS,44.64155,-63.58249,4469
Prescott,ON,44.71681,-75.51604,4466
Lanoraie,QC,45.96677,-73.21585,4447
West Royalty,PE,46.25842,-63.16259,4435
Goulds,NL,47.45532,-52.77552,4418
St. Stephen,NB,45.18044,-67.29529,4415
Berthierville,QC,46.08336,-73.18245,4411
Windsor Park,AB,51.00533,-114.07628,4410
Nipawin,SK,53.36678,-104.00092,4401
Battleford,SK,52.73486,-108.3091,4400
Hampton,NB,45.52876,-65.85354,4395
Erindale,SK,52.14118,-106.56997,4393
Beaumaris,AB,53.61776,-113.50937,4383
Crawford Plains,AB,53.43889,-113.40556,4381
Red Lake,ON,51.01678,-93.82736,4366
Bonnie Doon,AB,53.52449,-113.46577,4357
Haddow,AB,53.45593,-113.59655,4352
Vanderhoof,BC,54.01657,-124.01982,4346
Discovery Ridge,AB,51.01591,-114.21284,4330
Middle Sackville,NS,44.77644,-63.69605,4329
Vickers Park,ON,48.37501,-89.26126,4317
Spring Park,PE,46.24955,-63.14403,4312
Gonzales,BC,48.41646,-123.32989,4300
Deep River,ON,46.10012,-77.49949,4296
Beresford,NB,47.69128,-65.69893,4294
Caraquet,NB,47.79413,-64.9386,4285
Terrasse-des-Pins,QC,45.86449,-74.06627,4268
Bowen Island,BC,49.3847,-123.33622,4256
Vallée-des-Rivières,NB,47.21512,-67.96074,4250
Kindersley,SK,51.46681,-109.16818,4249
Maniwaki,QC,46.38341,-75.96605,4236
Karwood Estates,NL,47.53097,-52.85462,4235
Iroquois Falls,ON,48.76688,-80.68307,4232
Roxton Pond,QC,45.48338,-72.66582,4224
Fairfield Island,BC,49.18611,-121.94167,4220
King Edward Park,AB,53.51572,-113.45753,4215
Altona,MB,49.10469,-97.55961,4212
Mayliewan,AB,53.62321,-113.4619,4209
Harrisville,NB,46.11771,-64.72209,4201
Caernarvon,AB,53.6125,-113.52639,4198
Swan River,MB,52.1058,-101.26759,4198
Wolfville,NS,45.08345,-64.36546,4195
Spruce Cliff,AB,51.05035,-114.14048,4195
Ritchie,AB,53.51276,-113.4795,4194
Victory Heights,BC,49.23549,-122.8998,4186
Stonewall,MB,50.13441,-97.32676,4177
Montgomery,AB,51.07511,-114.16449,4175
Brevoort Park,SK,52.11004,-106.61033,4163
New Maryland,NB,45.89662,-66.68225,4153
Juniper Ridge,BC,50.66667,-120.25,4151
Beeton,ON,44.07988,-79.7816,4151
Fairview Acres,NL,47.53959,-52.74356,4151
Patterson,AB,51.06179,-114.17473,4145
Rossland,BC,49.08313,-117.80224,4140
Didsbury,AB,51.66681,-114.13529,4134
Melville,SK,50.91671,-102.80099,4127
Sakaw,AB,53.44028,-113.43056,4113
Fairville Plateau,NB,45.24846,-66.09927,4109
Highland Park,AB,51.08333,-114.06667,4105
Ct 0015,QC,45.55381,-73.53732,4089
Vermilion,AB,53.35409,-110.85849,4084
Metabetchouan-Lac-a-la-Croix,QC,48.41,-71.78,4084
Niverville,MB,49.60559,-97.04234,4083
Carstairs,AB,51.56681,-114.102,4077
Carleton-sur-Mer,QC,48.10749,-66.128,4077
Bridgwater Trails,MB,49.78762,-97.20384,4075
Vineland,ON,43.15132,-79.39449,4074
Uptown Fredericton,NB,45.94259,-66.67021,4066
Bancroft,ON,45.05752,-77.85702,4065
Matt Berry,AB,53.62194,-113.43658,4053
Holliston,SK,52.11004,-106.63006,4050
Grand Forks,BC,49.03309,-118.4356,4049
Lincoln Park,BC,49.28333,-122.75,4040
Golden,BC,51.29995,-116.9689,4038
University Downs,ON,43.48488,-80.49465,4036
Verchères,QC,45.78338,-73.34916,4030
Lorelei,AB,53.62347,-113.50001,4030
Ct 0029,QC,45.54719,-73.55127,4027
Berry Mills Heights,NB,46.1,-64.85,4021
Stellarton,NS,45.55854,-62.66069,4007
Sunnyside,AB,51.05801,-114.07705,4000
Middlegate,BC,49.21667,-122.95,4000
Cadboro Bay,BC,48.46667,-123.3,4000
Koksilah,BC,48.76667,-123.68333,4000
Westview,SK,52.1481,-106.70311,3999
Calder,AB,53.58863,-113.52885,3995
Ellenvale,NS,44.67742,-63.52022,3994
Sparwood,BC,49.73332,-114.88532,3990
Lago Lindo,AB,53.6368,-113.4831,3987
Cowan Heights,NL,47.53124,-52.77161,3985
Eastwood,AB,53.57493,-113.47152,3985
Mary Hill,BC,49.23333,-122.78333,3974
Eastview,SK,52.09449,-106.6145,3971
Normanview,SK,50.4806,-104.66249,3965
Callander,ON,46.2168,-79.36632,3964
Saint-Augustin,QC,51.22602,-58.65017,3961
Belle Rive,AB,53.62347,-113.47598,3958
Jasper,AB,52.87946,-118.08041,3948
Varsity View,SK,52.12173,-106.64034,3935
Wellington,BC,49.21648,-124.04183,3935
Fairmount,NS,44.64428,-63.63475,3928
Morin-Heights,QC,45.90009,-74.24922,3925
Jackson Heights,AB,53.48333,-113.40833,3911
Shawnigan Lake,BC,48.65055,-123.64494,3908
Jasper Park Lodge,AB,52.88633,-118.05625,3907
Sutton,QC,45.10008,-72.61582,3906
Jamieson Place,AB,53.48953,-113.64847,3905
Baie-D'Urfé,QC,45.41397,-73.91586,3902
Port Hardy,BC,50.72086,-127.49231,3902
Bois-Joli,NB,47.99101,-66.5116,3900
Bromont,QC,45.31678,-72.64912,3895
Saint-Tite,QC,46.73336,-72.56581,3880
Deer Lodge,MB,49.88175,-97.23048,3865
Lakeridge,SK,52.09476,-106.57561,3856
Barrington,NS,43.56285,-65.56173,3856
Pincher Creek,AB,49.48328,-113.95195,3855
Montréal-Est,QC,45.63202,-73.5075,3850
Carlisle,AB,53.60417,-113.525,3850
Fort Langley,BC,49.16838,-122.58004,3836
York,AB,53.60371,-113.42757,3836
Bisset,AB,53.45833,-113.39861,3831
Lantzville,BC,49.2454,-124.07547,3817
Balwin,AB,53.58787,-113.45452,3811
Central Frederick,ON,43.45466,-80.47902,3808
Banff Trail,AB,51.0743,-114.11242,3805
L'Islet-sur-Mer,QC,47.12868,-70.3707,3803
British Properties,BC,49.35,-123.13333,3800
Massey Place,SK,52.14143,-106.71923,3796
Bridgwater Lakes,MB,49.79695,-97.20802,3795
Deer Ridge,AB,50.92641,-114.01423,3795
Ct 0002,QC,45.60412,-73.51716,3780
Claresholm,AB,50.03332,-113.58524,3780
UDistrict,BC,49.03142,-122.29425,3775
Nackawic-Millville,NB,46.07831,-67.23335,3765
Brighton,SK,52.12736,-106.5605,3759
Caulfeild,BC,49.35,-123.25,3757
New-Richmond,QC,48.16059,-65.85823,3748
Pleasantview,AB,53.49167,-113.50833,3745
Rockland,BC,48.42222,-123.33612,3740
Kirkness,AB,53.61084,-113.38766,3735
North Park,BC,48.43428,-123.35359,3725
Haut-Madawaska,NB,47.26057,-68.63689,3720
East Galt,ON,43.35739,-80.30456,3717
Porters Lake,NS,44.73768,-63.31307,3716
Malartic,QC,48.13633,-78.12533,3710
Raymond,AB,49.46382,-112.66024,3708
Adelaide/Churchill,SK,52.10004,-106.64506,3706
Saint-Adolphe-d'Howard,QC,45.96679,-74.33253,3702
Arcadia,NB,45.8081,-66.06383,3700
Lakeview Heights,BC,49.86667,-119.53333,3694
Batchelor Hills,BC,50.71667,-120.36667,3685
Indian River,BC,49.32262,-122.96117,3684
Black Diamond,AB,50.68771,-114.23241,3663
Mill Courtland Woodside Park,ON,43.43848,-80.48391,3639
Neuville,QC,46.69823,-71.58275,3638
East Angus,QC,45.48338,-71.66577,3634
L'Ange-Gardien,QC,46.91976,-71.08253,3634
Lancaster,NB,45.24311,-66.14009,3630
Westville,NS,45.56685,-62.71534,3628
Pasadena,NL,49.01671,-57.59837,3620
Rigaud,QC,45.47927,-74.30238,3613
Caswell Hill,SK,52.14032,-106.67561,3608
Winston Heights-Mountview,AB,51.07383,-114.04247,3605
Bulyea Heights,AB,53.47497,-113.56948,3600
Charleswood,AB,51.08991,-114.11666,3595
Seton,AB,50.87288,-113.94728,3590
Greenfield,AB,53.47222,-113.52778,3589
Contrecoeur,QC,45.85008,-73.23245,3587
Cardston,AB,49.19998,-113.3019,3585
Bobcaygeon,ON,44.5462,-78.54203,3576
Alnwick,NB,47.21568,-65.18062,3575
Centre Square,SK,50.44264,-104.60814,3565
Château-Richer,QC,46.96031,-71.03219,3563
Saint-André-Avellin,QC,45.7168,-75.06599,3562
Ct 0009,QC,45.58018,-73.51637,3554
Channel-Port aux Basques,NL,47.57286,-59.13808,3547
Daly Grove,AB,53.44861,-113.39722,3546
New Edinburgh,ON,45.44139,-75.68778,3539
Rivière-du-Nord,NB,47.72309,-65.1839,3530
Hay River,NT,60.81555,-115.79993,3528
Sainte-Claire,QC,46.60134,-70.86319,3526
Eskasoni 3,NS,45.94522,-60.61617,3521
McCauley,AB,53.55601,-113.48345,3509
Glenora,AB,53.54617,-113.55125,3508
Ct 0030,QC,45.54852,-73.55302,3506
Thorncliff,AB,53.51528,-113.62361,3503
Mount Uniacke,NS,44.90015,-63.83202,3501
Kenmount Terrace,NL,47.55015,-52.79075,3500
Smith Creek,BC,49.85299,-119.62004,3500
Silver Falls,NB,45.3,-66.01667,3492
Fruitvale,BC,49.11654,-117.55222,3491
Aldergrove East,BC,49.05614,-122.45457,3491
Saint-Pascal,QC,47.51813,-69.80301,3490
Rosscarrock,AB,51.04156,-114.14718,3490
Saint-Germain-de-Grantham,QC,45.83337,-72.56582,3485
Royal Gardens,AB,53.47917,-113.52778,3481
Clarenville-Shoal Harbour,NL,48.1805,-53.96982,3478
Dunham,QC,45.13338,-72.79913,3471
Havre-Saint-Pierre,QC,50.24342,-63.60264,3460
Eastern Hillsides,BC,49.14269,-121.82859,3450
Bonavista,NL,48.64989,-53.11474,3448
Weinlos,AB,53.45833,-113.40694,3445
Hillview,AB,53.46944,-113.42639,3444
Whonnock,BC,49.18333,-122.46667,3444
Parkland,AB,50.9147,-114.01869,3430
Blind River,ON,46.18336,-82.95817,3422
Buena Vista,SK,52.11115,-106.66589,3419
Casselman,AB,53.60972,-113.41944,3403
Portland Hills,NS,44.66402,-63.50475,3403
Lawrencetown,NS,44.6596,-63.36732,3402
King William Estates,NL,47.6116,-52.69615,3400
Five Rivers,NB,46.55684,-64.90456,3400
Oxford,AB,53.62209,-113.54782,3398
Satoo,AB,53.44722,-113.45833,3391
Invermere,BC,50.51666,-116.03538,3391
Grande-Riviere,QC,48.40026,-64.50108,3384
Avalon,SK,52.09671,-106.65617,3382
Upper Lynn,BC,49.35,-123.025,3381
Delwood,AB,53.5949,-113.45615,3379
Stillwater Lake,NS,44.69895,-63.83524,3379
Campbellford,ON,44.30842,-77.79949,3372
Southport,PE,46.22652,-63.10428,3368
Sainte-Marguerite-du-Lac-Masson,QC,46.03338,-74.0659,3367
County Park,ON,48.45835,-89.24668,3367
Rundle Heights,AB,53.56106,-113.39384,3359
Ct 0004,QC,45.60854,-73.51919,3355
Ramsay Heights,AB,53.48194,-113.58056,3349
Beaverton,ON,44.43342,-79.1496,3347
Austin Heights,BC,49.25,-122.86667,3340
West Meadowlark Park,AB,53.52516,-113.60833,3336
Glenridge Crescent,NL,47.57847,-52.7105,3328
Parkview,AB,53.52442,-113.56855,3327
Yarrow,BC,49.08207,-122.05034,3326
Fairfield Park,MB,49.79832,-97.16557,3325
Montgomery Place,SK,52.11116,-106.72895,3325
Skyline Acres,NB,45.93414,-66.6375,3321
Holyrood,AB,53.5299,-113.45135,3320
Brigadoon,ON,43.3915,-80.46289,3315
Westwood,AB,53.57656,-113.49924,3315
Kashechewan,ON,52.29126,-81.64026,3309
Canora,AB,53.54167,-113.58333,3309
Malmo Plains,AB,53.48333,-113.53333,3306
St-Jean-Port-Joli,QC,47.21418,-70.26969,3304
Magnetic Hill,NB,46.13466,-64.88852,3300
Richfield,AB,53.46806,-113.45833,3299
Atholville,NB,47.9894,-66.7125,3290
Placentia,NL,47.2332,-53.96483,3289
Lebel-sur-Quévillon,QC,49.05018,-76.98273,3289
Lynnwood,AB,53.51667,-113.58333,3289
Lewisporte,NL,49.24343,-55.06196,3288
Elbow Park,AB,51.0205,-114.08426,3285
Palliser,AB,50.96351,-114.11053,3285
Penhold,AB,52.13342,-113.8687,3277
Homesteader,AB,53.58333,-113.40417,3277
Grande Cache,AB,53.88335,-119.13585,3276
Fraser,AB,53.61038,-113.37255,3276
Coach Hill,AB,51.05618,-114.18005,3275
Sainte-Julienne,QC,45.96677,-73.71587,3263
Mackenzie,BC,55.33637,-123.09374,3262
Capreol,ON,46.70626,-80.92109,3260
St. George,ON,43.24495,-80.25144,3255
Rhatigan Ridge,AB,53.47485,-113.5885,3252
Sydenham,ON,44.56679,-80.79972,3249
Shuniah Township,ON,48.5242,-89.1147,3247
Amethyst Harbour,ON,48.54267,-88.87291,3247
Haileybury,ON,47.44904,-79.63732,3247
Wellesley,ON,43.47691,-80.76209,3246
Inuvik,NT,68.36166,-133.72817,3243
Montrose,AB,53.57508,-113.43847,3241
Seaview,BC,49.27651,-122.86904,3236
Lake Cowichan,BC,48.82495,-124.05461,3226
Clareview Town Centre,AB,53.60196,-113.4071,3226
Westgate,AB,51.04496,-114.15825,3225
Preston,NS,44.71569,-63.43423,3223
Ballantrae,ON,44.03342,-79.2996,3223
Kearney Lake,NS,44.68695,-63.68498,3220
Headingley,MB,49.8753,-97.40896,3215
Bradner,BC,49.1,-122.41667,3213
Canossa,AB,53.634,-113.52036,3211
Port Hawkesbury,NS,45.61652,-61.35636,3210
Lorette,MB,49.73919,-96.87232,3208
Alpine,ON,43.42361,-80.48028,3203
Cabano,QC,47.68065,-68.8781,3199
Saint-Thomas,QC,46.01677,-73.34915,3193
Parkdale,AB,53.56738,-113.47366,3193
Beverly Heights,AB,53.56667,-113.4,3190
Tracadie-Sheila,NB,47.51444,-64.91806,3184
Capilano,BC,49.34094,-123.10702,3177
Ct 0005,QC,45.60626,-73.51106,3175
Secord,AB,53.53394,-113.70133,3171
High Level,AB,58.51688,-117.13605,3159
Little Canada,NL,47.59552,-52.71685,3148
Hanna,AB,51.63343,-111.90181,3140
Waterford,ON,42.9334,-80.28296,3132
Tweddle Place,AB,53.475,-113.45972,3128
Beausejour,MB,50.0622,-96.51669,3126
Napierville,QC,45.18648,-73.40468,3124
Downtown Cambridge,ON,43.36215,-80.3128,3117
Athlone,AB,53.58889,-113.54861,3116
Trois Pistoles,QC,48.11667,-69.16667,3115
Virden,MB,49.8508,-100.93262,3114
Clinton,ON,43.61679,-81.53307,3113
Greendale,BC,49.11667,-122.05,3110
Pictou,NS,45.67875,-62.70936,3107
Portneuf,QC,46.69058,-71.89011,3107
Ct 0008,QC,45.58698,-73.51049,3104
Griesbach,AB,53.60697,-113.5037,3102
Portland Estates,NS,44.66426,-63.51774,3099
White City,SK,50.43338,-104.36778,3099
Minchau,AB,53.46806,-113.40833,3099
Aloha Estates,BC,49.13174,-122.68625,3098
Perce,QC,48.48794,-64.29852,3095
Conservation,ON,43.48608,-80.58127,3095
Ellison,BC,49.93307,-119.36907,3094
Nutana Park,SK,52.09449,-106.63006,3093
Mont-Saint-Grégoire,QC,45.33338,-73.16585,3086
Bishop's Falls,NL,49.01664,-55.4815,3082
Indiantown,NB,45.27515,-66.07847,3078
Kernohan,AB,53.59205,-113.38088,3073
Haultain,SK,52.11004,-106.64644,3064
ByWard Market,ON,45.4271,-75.69234,3063
Nouvelle-Arcadie,NB,46.69807,-65.36133,3060
Fort Macleod,AB,49.71671,-113.41857,3060
Eaux Claires,AB,53.62107,-113.4874,3060
Three Hills,AB,51.70012,-113.26863,3051
Bannerman,AB,53.60376,-113.37865,3049
Madeira Park,BC,49.61967,-124.02319,3039
Norgate,BC,49.31667,-123.11667,3035
Grand Bend,ON,43.31678,-81.74978,3031
Ct 0021,QC,45.54565,-73.53883,3028
Cherry Hill,ON,43.44462,-80.5083,3027
Carman,MB,49.4992,-98.00156,3027
Chemainus,BC,48.91633,-123.71937,3021
Nutana Urban Centre,SK,52.10225,-106.60839,3019
Ct 0025,QC,45.54274,-73.5465,3018
Morrisburg,ON,44.9001,-75.18261,3014
Ridgetown,ON,42.43536,-81.88733,3002
Oleskiw,AB,53.49777,-113.60726,2995
Houston,BC,54.39976,-126.67008,2993
Lower Mount Royal,AB,51.0375,-114.08611,2990
Hazeldean,AB,53.50198,-113.47976,2984
Greystone Heights,SK,52.11865,-106.61172,2982
Rankin Inlet,NU,62.80906,-92.08534,2975
Miller,AB,53.61084,-113.41276,2972
West Jasper Place,AB,53.53611,-113.58333,2966
Fermont,QC,52.79445,-67.08378,2966
Athabasca,AB,54.71687,-113.28537,2965
Enderby,BC,50.5498,-119.15234,2964
Sackville,NB,45.89868,-64.36836,2963
Tavistock,ON,43.31679,-80.83302,2955
City Commercial Core,ON,43.44865,-80.48678,2953
Lakewood Urban Centre,SK,52.09964,-106.56646,2953
Hatzic,BC,49.15,-122.25,2952
Schmidtville,NS,44.63988,-63.57822,2940
Virgil,ON,43.21682,-79.13288,2937
Charlesworth,AB,53.42856,-113.41819,2935
Wingham,ON,43.88793,-81.31145,2934
Cleveland,BC,49.35691,-123.08749,2930
Chineside,BC,49.26667,-122.83333,2929
Greenview,AB,53.47361,-113.425,2923
Meyonohk,AB,53.45551,-113.4577,2923
Academy Heights,ON,48.4221,-89.24445,2921
Boothill,SK,50.43434,-104.57163,2915
La Crête,AB,58.18348,-116.40268,2911
Fort-Coulonge,QC,45.842,-76.739,2911
Beacon Heights,AB,53.57361,-113.40694,2911
Alexandria,ON,45.31317,-74.63665,2906
Glengarry,AB,53.59617,-113.47967,2906
Wawa,ON,47.98877,-84.77411,2905
Rosslyn,AB,53.59551,-113.50422,2902
Northmount,AB,53.60139,-113.47917,2902
Tipaskan,AB,53.4625,-113.45694,2901
Saint-Gabriel,QC,46.30007,-73.38245,2901
Chase River,BC,49.13333,-123.91667,2900
North Hanwell,NB,45.95849,-66.68191,2897
Kameyosek,AB,53.4625,-113.44167,2895
Meyokumin,AB,53.45,-113.42639,2891
Ste. Anne,MB,49.66969,-96.65,2891
Highlands,BC,49.34266,-123.09517,2885
Dégelis,QC,47.54734,-68.64309,2884
High Prairie,AB,55.4334,-116.4858,2878
Preston Heights,ON,43.39723,-80.37686,2869
Mistissini,QC,50.41832,-73.86895,2869
Overlanders,AB,53.57778,-113.38333,2867
Sesame Park,NL,47.51872,-52.76236,2867
Huntingdon,QC,45.08339,-74.16593,2865
Arviat,NU,61.10883,-94.05848,2864
Tisdale,SK,52.85002,-104.05096,2862
Keheewin,AB,53.44861,-113.50278,2861
Garrison Woods,AB,51.01332,-114.11353,2860
Stanstead,QC,45.01455,-72.09131,2857
Golden Village,BC,49.1878,-123.12816,2855
Canyon Heights,BC,49.35493,-123.09743,2849
Kingsclear,NB,45.88437,-66.90853,2839
Gold Bar,AB,53.54583,-113.40972,2837
Cedar,BC,49.11633,-123.8527,2836
Princeton,BC,49.45802,-120.51076,2828
Scott Creek,BC,49.29042,-122.80722,2828
Downtown West End,AB,51.04696,-114.08832,2825
McKernan,AB,53.50833,-113.51667,2815
Suder Greens,AB,53.5248,-113.67907,2811
Magrath Heights,AB,53.44835,-113.55702,2806
Beaupré,QC,47.04428,-70.89529,2803
Dundalk,ON,44.16792,-80.39357,2803
Halfmoon Bay,BC,49.51289,-123.9087,2800
Cowichan Bay,BC,48.73366,-123.61739,2799
Clairmont,AB,55.26668,-118.78601,2799
Queen Elizabeth,SK,52.10454,-106.65678,2798
Harbour Grace,NL,47.68647,-53.23257,2796
Herring Cove,NS,44.5703,-63.56822,2790
Gibbons,AB,53.83345,-113.33531,2790
Dufferin,BC,50.66667,-120.38333,2783
Queens Park,BC,49.21563,-122.90658,2781
Normanview West,SK,50.47782,-104.67555,2780
Botwood,NL,49.14994,-55.34819,2778
Granville,AB,53.50465,-113.68286,2772
Val-Morin,QC,46.00008,-74.18251,2772
Pohénégamook,QC,47.46315,-69.22666,2770
Cocagne,NB,46.33494,-64.61504,2757
Norwood Queens,BC,49.34098,-123.07799,2755
Lakefield,ON,44.43342,-78.26623,2753
Atikokan,ON,48.75667,-91.62409,2753
Carrington,AB,51.184,-114.08501,2750
Sunset Acres,NS,44.69384,-63.48712,2750
Riversdale,SK,52.12504,-106.67867,2744
Springhill,NS,45.65015,-64.04873,2743
Lee Ridge,AB,53.46944,-113.44583,2741
Tobique Valley,NB,46.93494,-67.39112,2740
Elsipogtog First Nation,NB,46.58544,-64.98583,2736
Carlton,AB,53.62255,-113.55821,2735
Upper Mount Royal,AB,51.03056,-114.08472,2735
Macamic,QC,48.75018,-78.99962,2734
Normandin,QC,48.83328,-72.53209,2728
Allendale,AB,53.5028,-113.50516,2728
Piedmont,QC,45.90008,-74.13251,2721
Glendale,AB,51.03287,-114.14477,2715
Harbour Village,BC,49.26667,-122.81667,2711
Lauderdale,AB,53.58889,-113.50139,2708
Markstay-Warren,ON,46.46678,-80.483,2708
Alison,ON,43.36497,-80.29593,2697
Cowie Hill,NS,44.63209,-63.62021,2694
Kildare,AB,53.6029,-113.45512,2694
Dollarton,BC,49.31667,-122.95,2692
Southwood Park,NB,45.92478,-66.62633,2691
Dieppe-Westerra,SK,50.45726,-104.67611,2685
Ct 0001,QC,45.59833,-73.51006,2684
Seaforth,ON,43.55009,-81.39976,2680
Highfield Park,NS,44.68639,-63.58893,2678
Ingonish,NS,46.70014,-60.36516,2673
Bonaventure,QC,48.04573,-65.49259,2673
Sundre,AB,51.8001,-114.63532,2672
Pleasantside,BC,49.29167,-122.85,2671
Coalhurst,AB,49.7464,-112.93246,2668
Kuujjuaq,QC,58.10732,-68.39968,2668
Cap-Santé,QC,46.67159,-71.78812,2666
Lions Gate,BC,49.32643,-123.12201,2660
Mount Brydges,ON,42.90009,-81.48306,2656
Hodgson,AB,53.45763,-113.55962,2650
Laurier Heights,AB,53.51667,-113.56667,2648
Saint Helen's Park,BC,49.1876,-122.87193,2644
Adstock,QC,46.05007,-71.08235,2643
Maple Bay,BC,48.81633,-123.61936,2640
Kits Point,BC,49.27493,-123.14708,2639
Saint-Bruno,QC,48.46679,-71.6491,2636
Exhibition,SK,52.09865,-106.67561,2636
Sweet Grass,AB,53.4625,-113.525,2636
Westmorland Heights,NB,45.29198,-66.04228,2635
St. Peter's,NS,45.65659,-60.87421,2634
Cedar Hill,ON,43.44455,-80.48453,2633
Spaniard's Bay,NL,47.61659,-53.28138,2630
Elmvale Acres,ON,45.39651,-75.63212,2627
Strathearn,AB,53.53421,-113.46281,2622
Thamesford,ON,43.0571,-80.99876,2622
Melocheville,QC,45.31726,-73.9371,2621
Turner Valley,AB,50.66681,-114.2853,2611
Fort Nelson,BC,58.80533,-122.7002,2611
Elmwood,AB,53.51667,-113.6,2611
Woodhaven Court,NB,46.11667,-64.86667,2608
Meadowlark Park,AB,53.52592,-113.59674,2602
Woodcroft,AB,53.56634,-113.55748,2598
Grand Manan,NB,44.69824,-66.82109,2595
Keith-Lynn,BC,49.31667,-123.06667,2595
Bridgeport North,ON,43.49403,-80.47564,2591
Chetwynd,BC,55.69988,-121.63627,2587
Elkford,BC,50.01529,-114.92348,2585
Blackmud Creek,AB,53.42037,-113.51095,2583
Shippagan,NB,47.74424,-64.70804,2580
Osgoode,ON,45.14887,-75.59778,2578
Twin Creeks,BC,49.30156,-122.83236,2577
Crichton Park,NS,44.68093,-63.56658,2576
Saint-Joseph,QC,45.95817,-73.22025,2576
Pemberton,BC,50.31641,-122.80273,2574
Rimbey,AB,52.6334,-114.23532,2567
Ekota,AB,53.45,-113.44167,2563
Harrow,ON,42.03339,-82.91654,2562
Grimshaw,AB,56.18339,-117.6027,2560
Leger,AB,53.45796,-113.57629,2559
Southern Victoria,NB,46.77378,-67.72136,2550
Country Hills East,ON,43.41801,-80.46677,2546
Liverpool,NS,44.03639,-64.72044,2546
Menisa,AB,53.44028,-113.45,2545
Ct 0024,QC,45.54023,-73.54802,2544
Fort Smith,NT,60.00439,-111.88871,2542
Lucan,ON,43.18339,-81.39976,2541
Waverley,NS,44.78345,-63.5987,2541
Sainte-Martine,QC,45.25008,-73.79919,2535
Westphal,NS,44.6855,-63.54143,2533
East Royalty,PE,46.27792,-63.10228,2529
Westridge,BC,49.28333,-122.95,2521
Delaware,ON,42.91679,-81.41646,2521
Ct 0026,QC,45.54791,-73.54621,2519
Tam O'Shanter Ridge,NS,44.68904,-63.52681,2519
Tofino,BC,49.15314,-125.90744,2516
Grand-Bouctouche,NB,46.48888,-64.71034,2513
Crossfield,AB,51.43341,-114.03528,2512
Chilliwack Mountain,BC,49.16208,-122.01313,2510
Delbrook,BC,49.34554,-123.08327,2497
Kenilworth,AB,53.52112,-113.43238,2489
Moosomin,SK,50.14261,-101.66666,2485
Country Hills Village,AB,51.15833,-114.06528,2480
Lac-Lapierre,QC,45.89837,-73.77308,2480
Thurso,QC,45.6001,-75.24931,2476
South End,BC,49.15189,-123.93386,2475
Unity,SK,52.45014,-109.16816,2475
Chase,BC,50.8165,-119.68571,2471
Hounsfield Heights/Briar Hill,AB,51.06362,-114.10542,2470
Ct 0016,QC,45.55205,-73.53082,2470
Hairsine,AB,53.6032,-113.39118,2465
Sexsmith,AB,55.34998,-118.78602,2461
Saint-Raphaël,QC,46.796,-70.75576,2458
Fox Creek,AB,54.40007,-116.80238,2457
Berwick,NS,45.05015,-64.73208,2455
Tumbler Ridge,BC,55.13027,-120.99415,2454
Valcourt,QC,45.50008,-72.31581,2451
Lakeland Ridges,NB,45.97149,-67.48985,2450
Minnedosa,MB,50.24532,-99.84364,2449
Saint-Lambert-de-Lauzon,QC,46.58624,-71.20892,2443
Cap-Pele,NB,46.21294,-64.27844,2441
North Glenmore,AB,51.0046,-114.1116,2435
Brander Gardens,AB,53.49583,-113.57778,2435
Micmac Village,NS,44.68375,-63.55793,2429
Forest,ON,43.10008,-81.9998,2429
Betsiamites,QC,48.94133,-68.64601,2428
Ange-Gardien,QC,45.35008,-72.93244,2420
Langdale,BC,49.43386,-123.4798,2407
Trenton,NS,45.61548,-62.63743,2407
Reserve Mines,NS,46.18033,-60.01962,2402
Stoneridge,NS,44.63441,-63.6329,2400
River John,NS,45.75015,-63.04866,2399
Ct 0019,QC,45.54932,-73.53772,2398
Lunenburg,NS,44.37847,-64.31658,2396
Winchester,ON,45.0834,-75.34933,2394
Assiniboia,SK,49.63336,-105.98446,2389
Clearwater,BC,51.64061,-120.02769,2388
Salisbury,NB,46.03905,-65.04628,2387
Callingwood North,AB,53.50833,-113.62361,2376
Blind Bay,BC,50.88311,-119.38569,2369
Lake Echo,NS,44.73345,-63.38198,2365
North Haven,AB,51.09666,-114.08955,2365
Logy Bay-Middle Cove-Outer Cove,NL,47.63319,-52.68134,2364
Bouctouche,NB,46.46844,-64.73905,2361
Parc La Salle,MB,49.76539,-97.15983,2360
Saint-Marc-des-Carrières,QC,46.68335,-72.0491,2358
Chester,NS,44.54225,-64.23891,2348
Wyoming,ON,42.95008,-82.11651,2348
Tamarack,AB,53.46441,-113.36235,2348
Grovenor,AB,53.54643,-113.57211,2347
Seymour Heights,BC,49.325,-123.0,2340
Colchester,ON,41.98339,-82.93314,2334
Coxheath,NS,46.11684,-60.23175,2333
Forestville,QC,48.73808,-69.08478,2333
Terrace Heights,AB,53.54028,-113.43472,2332
Fundy Heights,NB,45.25171,-66.07227,2331
Government Road,BC,49.25209,-122.94371,2325
River Springs,BC,49.28333,-122.76667,2325
Lillooet,BC,50.6856,-121.942,2324
Aspen Ridge,SK,52.17769,-106.55203,2321
Elmvale,ON,44.5834,-79.86636,2314
Lac La Biche,AB,54.7669,-111.96861,2314
Constance Bay,ON,45.50011,-76.08267,2314
McLeod,AB,53.60833,-113.43333,2313
Auditorium,ON,43.4484,-80.46967,2310
Rosetown,SK,51.5501,-108.00136,2309
Mt. Edward,PE,46.25987,-63.12752,2302
Vista Heights,AB,51.07398,-114.0144,2300
Glen Moir,NS,44.71867,-63.68074,2294
Sifton Park,AB,53.59388,-113.40817,2289
Spruce Meadows,NL,47.60266,-52.72408,2288
Outlook,SK,51.48803,-107.05644,2279
Crestmont,AB,51.08502,-114.2608,2275
Saint-Pamphile,QC,46.9578,-69.7806,2274
Beaverlodge,AB,55.21664,-119.43605,2271
Okanagan Falls,BC,49.35,-119.56667,2266
Lynnmour,BC,49.31667,-123.03333,2265
Prairie Pointe,MB,49.77826,-97.19629,2265
Grande-Digue,NB,46.30014,-64.56546,2261
Deep Cove,BC,49.33333,-122.95,2251
Ilderton,ON,43.07924,-81.38051,2250
Crabtree,QC,45.96677,-73.46586,2248
Gimli,MB,50.63362,-96.99066,2246
Blueridge,BC,49.32917,-122.99167,2245
Hudson Bay Park,SK,52.14532,-106.6895,2245
Senneterre,QC,48.39302,-77.23951,2239
Fulton Place,AB,53.54583,-113.425,2239
Burin,NL,47.0829,-55.19071,2237
Port McNeill,BC,50.59,-127.08638,2234
Minto,NB,46.08483,-66.06217,2234
Lantz,NS,44.98345,-63.48199,2229
Calmar,AB,53.26683,-113.81874,2228
Marysville,NB,45.98341,-66.58218,2223
Pennfield,NB,45.10157,-66.73896,2222
Parkallen,AB,53.5,-113.51667,2219
Disraeli,QC,45.90007,-71.34907,2212
Anmore,BC,49.31637,-122.85263,2210
Highwood,AB,51.0908,-114.08134,2205
Wendake,QC,46.86136,-71.35727,2200
Bridgeport East,ON,43.47817,-80.46715,2199
Michaels Park,AB,53.47778,-113.44861,2196
Esterhazy,SK,50.65001,-102.08426,2194
Logan Lake,BC,50.49225,-120.8149,2190
Lincoln Heights,NB,45.90832,-66.59215,2189
Terra Losa,AB,53.53375,-113.62286,2188
Nanton,AB,50.35008,-113.76866,2181
Upper Miramichi,NB,46.46603,-66.41116,2175
Saint-Côme--Linière,QC,46.06677,-70.51573,2167
Bella Coola,BC,52.37183,-126.7539,2163
Little Current,ON,45.97927,-81.9248,2156
Ramsay,AB,51.03616,-114.04315,2155
Lynn Canyon,BC,49.33998,-123.02219,2155
Port Stanley,ON,42.66679,-81.21644,2148
Causapscal,QC,48.36401,-67.23255,2147
Russell Lake,NS,44.6633,-63.52761,2146
Wabana,NL,47.63319,-52.94806,2146
Saint-Quentin,NB,47.51326,-67.39288,2141
Rutland Park,AB,51.0204,-114.13628,2140
Pilot Butte,SK,50.48011,-104.41911,2137
Windermere,AB,53.43583,-113.62202,2136
Sunny Brae,NB,46.10352,-64.7768,2135
Belgravia,AB,53.50847,-113.53349,2134
Ct 0017,QC,45.55338,-73.534,2131
Puvirnituq,QC,60.03566,-77.27406,2129
Glencoe,ON,42.75009,-81.71648,2126
Elsinore,AB,53.64138,-113.49735,2125
Westview Village,AB,53.55248,-113.69781,2124
Métabetchouan,QC,48.36679,-72.01583,2123
Maple Creek,SK,49.90628,-109.48094,2121
Twillingate,NL,49.64992,-54.76486,2121
Spruce Avenue,AB,53.56254,-113.49993,2120
Fogo Island,NL,49.71649,-54.16981,2117
Ferme-Neuve,QC,46.70011,-75.44929,2115
Bruce Park,MB,49.87686,-97.21667,2105
Beechville,NS,44.63619,-63.68205,2100
Magrath,AB,49.41668,-112.86856,2095
Pemberton Heights,BC,49.33056,-123.10833,2090
Avonmore,AB,53.50946,-113.45191,2087
Provost,AB,52.35014,-110.26828,2082
Springdale,NL,49.49995,-56.06492,2080
Falconer Heights,AB,53.46662,-113.58952,2079
Strait Shores,NB,46.08969,-64.07635,2077
Heritage Pointe,AB,50.84213,-114.00493,2075
King George,SK,52.11782,-106.68577,2075
Saltair,BC,48.94963,-123.76939,2069
Biggar,SK,52.05978,-107.98844,2068
Ucluelet,BC,48.94153,-125.54635,2066
Chambery,AB,53.64164,-113.51066,2064
Crestwood,AB,53.53333,-113.56667,2063
Pouch Cove,NL,47.76659,-52.76474,2063
Lumby,BC,50.24979,-118.96904,2063
Baker Lake,NU,64.32009,-96.02123,2061
Saint-Fulgence,QC,48.45008,-70.89905,2061
Summerlea,AB,53.525,-113.62222,2058
Ct 0028,QC,45.54469,-73.54788,2058
Shad Bay,NS,44.52293,-63.78745,2053
Fundy Shores,NB,45.16663,-66.39178,2050
Igloolik,NU,69.37771,-81.79991,2049
St. Anthony,NL,51.37039,-55.59743,2049
Saint Andrews,NB,45.0737,-67.05312,2048
Limoges,ON,45.3334,-75.24931,2048
New-Wes-Valley,NL,49.14988,-53.56475,2044
Mandeville,QC,46.36677,-73.34915,2043
King East,ON,43.44436,-80.47321,2040
Walker,AB,53.41765,-113.43041,2036
Sainte-Anne-de-la-Pérade,QC,46.58335,-72.1991,2031
Dovercourt,AB,53.57409,-113.55885,2030
Stirling,ON,44.30012,-77.54948,2030
Connaught Heights,BC,49.2,-122.95,2027
Montague,PE,46.16681,-62.64866,2027
Bow Island,AB,49.86676,-111.36843,2025
North Glenora,AB,53.55395,-113.55812,2023
Shawnee Slopes,AB,50.92639,-114.08333,2020
Wishingwell Park,NL,47.56129,-52.73414,2020
Canon Ridge,AB,53.57873,-113.37889,2019
Cross Lake 19A,MB,54.65135,-97.76848,2018
Ct 0018,QC,45.5518,-73.53568,2013
Saint-Esprit,QC,45.90007,-73.66587,2011
Delton,AB,53.57814,-113.48173,2009
Gladmer Park,SK,50.43621,-104.60158,2005
Riverdale,AB,53.54367,-113.47023,2004
Digby,NS,44.62188,-65.7586,2001
Chute-aux-Outardes,QC,49.11679,-68.39896,2000
Big Eddy,BC,51.0,-118.21667,2000
Cambrian Heights,AB,51.08638,-114.09027,2000
Fossambault-sur-le-Lac,QC,46.87662,-71.61541,2000
Clovelly Trails,NL,47.61604,-52.7103,2000
Wakefield,QC,45.6668,-75.83265,2000
Miramichi River Valley,NB,46.61496,-65.90167,1996
Wiarton,ON,44.74186,-81.13961,1996
Mattawa,ON,46.31681,-78.69957,1993
Neebing,ON,48.1668,-89.41683,1986
Kedgwick,NB,47.64457,-67.34344,1986
100 Mile House,BC,51.64982,-121.28594,1980
Strathcona Park,AB,51.04722,-114.175,1980
Gambo,NL,48.7832,-54.21482,1978
Commodore Park,NS,44.68037,-63.53094,1976
Mayfield,AB,53.55399,-113.59891,1973
Fort Qu'Appelle,SK,50.76677,-103.80103,1972
Tawa,AB,53.46111,-113.42361,1972
Paper Mill Lake,NS,44.7097,-63.67966,1970
Meadowbrook,BC,49.26667,-122.78333,1969
Caplan,QC,48.10257,-65.68434,1966
Matagami,QC,49.76326,-77.62735,1966
Handsworth,BC,49.35453,-123.10434,1965
Glenayre,BC,49.27437,-122.8756,1964
Wabush,NL,52.90015,-66.86541,1964
St. Jacobs,ON,43.53162,-80.55725,1960
Sainte-Madeleine,QC,45.60008,-73.09914,1959
Gellatly,BC,49.81667,-119.61667,1955
Petit-Rocher,NB,47.78271,-65.71747,1954
Dominion,NS,46.21684,-60.01515,1953
Oxford House,MB,54.94853,-95.26598,1950
Roberts Creek,BC,49.42359,-123.64778,1949
Glovertown,NL,48.68321,-54.03141,1948
Skyrattler,AB,53.45139,-113.52361,1947
University Heights Urban Centre,SK,52.15077,-106.57512,1943
Pelican Narrows,SK,55.16685,-102.9341,1942
Chapleau,ON,47.84053,-83.4034,1942
Vallée-Jonction,QC,46.37441,-70.91881,1940
Cacouna,QC,47.91657,-69.50054,1939
Horseshoe Bay,BC,49.37402,-123.27458,1935
Saint-Élie-de-Caxton,QC,46.48336,-72.96584,1934
Manners Sutton,NB,45.68885,-67.03985,1920
Brookside,AB,53.4905,-113.56684,1919
Vulcan,AB,50.40008,-113.25189,1917
Breckenridge Greens,AB,53.51606,-113.68408,1916
Morris,MB,49.35499,-97.36567,1916
Fenelon Falls,ON,44.53342,-78.74957,1915
Cromdale,AB,53.56198,-113.46242,1914
Tofield,AB,53.36684,-112.66862,1911
Sunalta,AB,51.0415,-114.09885,1910
Estey's Bridge,NB,46.035,-66.714,1908
Millet,AB,53.09415,-113.47056,1905
Harrison Hot Springs,BC,49.29969,-121.78586,1905
Swan Hills,AB,54.71681,-115.40226,1900
Harbour Breton,NL,47.48325,-55.79833,1898
Kamsack,SK,51.56668,-101.90093,1898
Deseronto,ON,44.20012,-77.04944,1897
Henderson Estates,AB,53.46766,-113.59851,1891
Kelvin,BC,49.21667,-122.93333,1890
Birchwood,MB,49.87421,-97.25688,1890
Rockcliffe Park,ON,45.4501,-75.68264,1888
Lendrum Place,AB,53.49499,-113.52207,1887
Rideau Park,AB,53.47899,-113.5047,1883
Gariepy,AB,53.49167,-113.62083,1882
Sacré-Coeur,QC,48.2297,-69.80061,1881
Christie Park,AB,51.0375,-114.175,1880
Saint-Mathieu,QC,45.31678,-73.51587,1879
Walpole Island,ON,42.6152,-82.51398,1878
Souris,MB,49.6172,-100.2612,1876
Eau Claire,AB,51.05062,-114.08006,1875
Middleton,NS,44.94284,-65.07022,1873
Steinhauer,AB,53.4625,-113.50972,1867
Watrous,SK,51.66677,-105.46788,1865
Valleyview,AB,55.06673,-117.28585,1863
Saint-Gédéon,QC,48.50009,-71.76581,1859
Témiscaming,QC,46.72122,-79.09712,1854
Sainte-Béatrix,QC,46.20007,-73.61587,1849
Eel River Crossing,NB,48.0159,-66.422,1844
Kippens,NL,48.55001,-58.6318,1842
Upper Hammonds Plains,NS,44.75448,-63.84165,1840
Waskaganish,QC,51.48333,-78.75,1839
Elboya,AB,51.0096,-114.07465,1835
Jasper Park,AB,53.52401,-113.58396,1832
East Broughton,QC,46.21358,-71.07674,1832
Chapais,QC,49.78344,-74.84919,1824
Lumsden,SK,50.65009,-104.86783,1824
Inukjuak,QC,58.45468,-78.10139,1821
Greenough,NS,44.68761,-63.50958,1819
Maugerville,NB,45.87165,-66.44528,1808
Moose Factory,ON,51.26689,-80.61624,1807
Cliff Bungalow,AB,51.03362,-114.07456,1805
Kelvin Grove,AB,50.98821,-114.08821,1805
Saint-Narcisse,QC,46.56395,-72.47051,1801
Harriston,ON,43.91199,-80.87199,1797
St-André,NB,47.10103,-67.7592,1794
Keremeos,BC,49.19975,-119.8357,1791
Sicamous,BC,50.83312,-118.98565,1786
Saint-Placide,QC,45.53338,-74.19923,1784
Burns Lake,BC,54.22972,-125.76084,1779
Cove Cliff,BC,49.32282,-122.94888,1778
Albany,AB,53.63172,-113.54978,1776
Metcalfe,ON,45.2334,-75.46603,1776
Abbottsfield,AB,53.57273,-113.39195,1775
Saint-Liboire,QC,45.65068,-72.76348,1775
Lamont,AB,53.76686,-112.80195,1774
Chambord,QC,48.43339,-72.06583,1773
Louisdale,NS,45.60686,-61.06636,1770
Parkhill,AB,51.01737,-114.06993,1770
Idylwylde,AB,53.52255,-113.44937,1767
Barrière,BC,51.18308,-120.1192,1765
Shaganappi,AB,51.03848,-114.12804,1765
Geraldton,ON,49.72667,-86.94842,1761
Danville,QC,45.78337,-72.0158,1761
Cambridge Bay,NU,69.11489,-105.05484,1760
Balgonie,SK,50.48338,-104.26778,1756
Warfield,BC,49.09563,-117.74533,1753
Montebello,NS,44.70133,-63.54253,1751
Patricia Heights,AB,53.51005,-113.59597,1749
Behchokǫ̀,NT,62.8025,-116.04639,1746
Grosvenor Park,SK,52.1181,-106.62839,1745
Red Carpet,AB,51.04099,-113.94001,1745
Blairmore Urban Centre,SK,52.12812,-106.75894,1742
Carberry,MB,49.86893,-99.36021,1738
St. Norbert,MB,49.76575,-97.14628,1735
Ripon,QC,45.7834,-75.09929,1735
Wynyard,SK,51.76674,-104.18436,1732
Georgestown,NL,47.569,-52.71864,1732
Ormstown,QC,45.13338,-73.99922,1730
Bowser,BC,49.44472,-124.6886,1729
Dechene,AB,53.49112,-113.63657,1728
Stonepark,PE,46.26856,-63.1206,1726
Flatrock,NL,47.69989,-52.71475,1722
Carter Crest,AB,53.46394,-113.57797,1716
Sainte-Perpétue,QC,47.06416,-69.92935,1715
Burnt Church,NB,47.19887,-65.13958,1715
Musquodoboit Harbour,NS,44.78345,-63.14867,1714
Schonsee,AB,53.63216,-113.45475,1712
Marion Bridge,NS,45.98088,-60.21232,1711
Popkum,BC,49.20366,-121.73813,1710
Manitouwadge,ON,49.12152,-85.8403,1708
Sayabec,QC,48.56161,-67.68745,1706
Nakusp,BC,50.24987,-117.80226,1706
Saint-Jean-Baptiste,QC,45.3806,-74.0121,1703
Tweed,ON,44.47512,-77.31616,1701
Picture Butte,AB,49.8833,-112.78516,1700
McAllister,NB,45.30997,-66.01974,1697
Eastmount,NB,45.30803,-66.03071,1697
Millbrook,ON,44.15012,-78.44954,1695
Rabbit Town,NB,45.95519,-66.65065,1694
Neguac,NB,47.24894,-65.07408,1692
Franklin,QC,45.03338,-73.91591,1688
Belfast,PE,46.08341,-62.88197,1687
Florence,NS,46.25985,-60.26586,1684
Suncrest,BC,49.21667,-123.01667,1683
Mactaggart,AB,53.43824,-113.56366,1681
Garrison Green,AB,51.00304,-114.12421,1680
Grunthal,MB,49.40668,-96.85873,1680
Saint-Ambroise,QC,48.55447,-71.32148,1678
Saint-Jacques-le-Mineur,QC,45.28338,-73.41587,1672
Saint-Édouard,QC,45.23338,-73.51588,1672
McQueen,AB,53.55278,-113.575,1670
Virginia Park,NL,47.59846,-52.6917,1667
Shaunavon,SK,49.65005,-108.4181,1658
Holiday Park,SK,52.10754,-106.6984,1657
Centre District,ON,43.45113,-80.49176,1656
Boissevain,MB,49.23062,-100.05586,1656
North Devon,NB,45.97081,-66.63255,1652
Keswick Ridge,NB,46.00011,-66.88218,1652
Big Bend,BC,49.19766,-122.97843,1651
Trinity Bay North,NL,48.5221,-53.0713,1649
Manawan,QC,47.22029,-74.38606,1648
Musqueam,BC,49.22825,-123.19277,1646
Shea Heights,NL,47.54989,-52.71474,1643
Indian Head,SK,50.53336,-103.66775,1642
Witless Bay,NL,47.28319,-52.83135,1640
Florenceville-Bristol,NB,46.44353,-67.61536,1639
Aspen Gardens,AB,53.475,-113.54444,1638
Stephenville Crossing,NL,48.50366,-58.43749,1634
Sainte-Sophie,QC,45.81678,-73.89919,1634
Gentilly,QC,46.40005,-72.2741,1634
Pleasantville,NL,47.58799,-52.68295,1630
Ct 0027,QC,45.54608,-73.54731,1629
Regina Beach,SK,50.79146,-104.98006,1629
Balmoral,NB,47.97262,-66.4455,1628
Naramata,BC,49.59513,-119.59442,1625
Cow Bay,NS,44.63141,-63.43218,1619
Royston,BC,49.64703,-124.9467,1616
Burford,ON,43.10292,-80.42869,1615
Roblin,MB,51.22999,-101.3565,1614
Coombs,BC,49.29963,-124.41946,1612
Fort William,NL,47.57133,-52.70177,1611
Laurel,AB,53.44667,-113.38197,1606
Massey Drive,NL,48.93331,-57.8984,1606
Dearborn,ON,43.48744,-80.51821,1605
Parkway,BC,49.31463,-122.97484,1600
Quidi Vidi,NL,47.58039,-52.6825,1600
Papineauville,QC,45.6168,-75.01599,1600
Wabasca-Desmarais,AB,55.96667,-113.85,1594
Boundary,BC,49.33334,-123.04691,1585
Saint-Joseph-de-Sorel,QC,46.03336,-73.11585,1581
East Meadows,NL,47.59989,-52.69804,1580
Richmond Lakes,MB,49.76999,-97.16611,1580
Oakalla,BC,49.23396,-122.97751,1577
Perth-Andover,NB,46.73551,-67.70393,1574
Lawson Heights Urban Centre,SK,52.17004,-106.6342,1573
Saint-Ulric,QC,48.78698,-67.70226,1567
Bay Bulls,NL,47.31659,-52.81475,1566
Saanichton,BC,48.6,-123.41667,1565
Sainte-Clotilde-de-Horton,QC,45.98336,-72.2324,1563
Barkers Point,NB,45.95165,-66.62339,1562
Sainte-Élisabeth,QC,46.09502,-73.35176,1559
Mount Lehman,BC,49.11667,-122.38333,1558
Ashcroft,BC,50.72372,-121.28207,1558
Stewiacke,NS,45.13345,-63.34868,1557
Pond Inlet,NU,72.6992,-77.9595,1555
Wallace Heights,NS,44.68784,-63.61003,1551
Southview,AB,51.03333,-113.98333,1550
Shearwater,NS,44.62676,-63.51369,1550
Watson Lake,YT,60.06349,-128.70893,1547
Venise-en-Québec,QC,45.08338,-73.13245,1547
Ile des Chênes,MB,49.7106,-96.98893,1546
Amigo Beach,ON,44.6919,-79.39317,1545
Humber Arm South,NL,49.00912,-58.1348,1537
McGregor,ON,42.15008,-82.96654,1536
Watford,ON,42.95008,-81.88309,1536
Chinook Park,AB,50.98286,-114.08838,1535
Madoc,ON,44.50842,-77.47448,1535
Sussex Corner,NB,45.71024,-65.48334,1532
Bon Accord,AB,53.83345,-113.41872,1529
Greater Lakeburn,NB,46.07651,-64.66818,1529
Lacolle,QC,45.08338,-73.36585,1528
Terrace Bay,ON,48.78341,-87.09996,1528
Milford,NB,45.26587,-66.10978,1528
Ct 0022,QC,45.54234,-73.54246,1527
Grindrod,BC,50.6331,-119.11905,1526
Wildwood Lake,NS,44.68679,-63.50373,1523
Potter Greens,AB,53.51787,-113.67218,1520
Wembley,AB,55.14995,-119.13602,1516
Youngs Crossing,NB,45.96681,-66.59888,1514
Leblanc,QC,48.26683,-74.34914,1513
Rural East-Country Squire,ON,43.52075,-80.49736,1510
Blackburne,AB,53.43011,-113.50255,1508
Carlyle,SK,49.63334,-102.26765,1508
Springbrook,AB,52.1792,-113.87981,1507
Hudson Bay,SK,52.85003,-102.38425,1504
Dalmeny,SK,52.34077,-106.7712,1504
Pangnirtung,NU,66.14642,-65.69996,1504
Attawapiskat,ON,52.92774,-82.41669,1501
Penobsquis,NB,45.77626,-65.381,1500
Springfield Lake,NS,44.81349,-63.74456,1500
Red Head,NB,45.24936,-66.00041,1500
Skatepark,ON,44.25122,-76.94424,1500
Pritchard,BC,50.6831,-119.81911,1500
Oyster River,BC,49.86667,-125.13333,1500
Anahim Lake,BC,52.46652,-125.3066,1500
Ohsweken,ON,43.06681,-80.11635,1500
East Sooke,BC,48.36639,-123.68361,1500
Napanee Downtown,ON,44.24832,-76.95069,1500
Marmora,ON,44.48342,-77.68279,1499
Henryville,QC,45.13338,-73.18245,1497
Langham,SK,52.35892,-106.96167,1496
Ct 0010,QC,45.58185,-73.52858,1494
Quinton Heights,NB,45.25214,-66.12015,1493
Lac-au-Saumon,QC,48.421,-67.34756,1488
Intercity,ON,48.40893,-89.25479,1486
Tingwick,QC,45.88007,-71.94221,1484
Saint-Charles,QC,45.70288,-73.55417,1482
Rougemont,QC,45.43338,-73.04914,1481
Kingsey Falls,QC,45.85007,-72.0658,1480
Englehart,ON,47.82397,-79.87386,1479
Carp,ON,45.3501,-76.03267,1477
McLennan,BC,49.16268,-123.09834,1476
Petitcodiac,NB,45.93935,-65.1802,1476
Telkwa,BC,54.69696,-127.05346,1474
Waswanipi,QC,49.73346,-76.16604,1473
Nipigon,ON,49.01681,-88.26673,1473
Nauwigewauk,NB,45.46686,-65.89884,1472
Parrsboro,NS,45.40567,-64.32585,1472
Wedgewood Heights,AB,53.47913,-113.64544,1470
Dowling,ON,46.59111,-81.33917,1466
Cap-Chat,QC,49.09736,-66.68514,1466
McEwen,NB,46.1452,-64.78615,1462
Saint-Antoine-de-Tilly,QC,46.66346,-71.57335,1462
Saint-Ubalde,QC,46.75006,-72.2658,1456
Pump Hill,AB,50.96667,-114.1,1455
Bergman,AB,53.57895,-113.40877,1452
L'Orignal,ON,45.6198,-74.6915,1450
Winsloe,PE,46.29342,-63.17759,1448
Crofton,BC,48.86633,-123.65266,1446
East End,ON,48.3956,-89.22692,1446
East Wellington,BC,49.17385,-124.01745,1444
Coleman,AB,49.63332,-114.502,1441
Lappe,ON,48.5668,-89.35013,1436
Les Cèdres,QC,45.31009,-74.05926,1434
Tobermory,ON,45.25007,-81.66647,1427
Brookside West,NB,45.99957,-66.65096,1425
Debert,NS,45.43345,-63.46539,1422
College Hill,NB,45.94711,-66.64471,1421
Shilo,MB,49.80551,-99.64634,1419
Noyan,QC,45.06678,-73.29915,1418
Nantucket,NS,44.67472,-63.51431,1417
Richibucto,NB,46.68073,-64.88044,1411
Godefroy,QC,51.75012,-68.08213,1410
Norton,NB,45.63884,-65.69843,1410
Tsleil-Waututh,BC,49.30968,-122.98128,1410
Tufts Cove,NS,44.68219,-63.59689,1409
Rosthern,SK,52.66679,-106.33446,1405
Moosonee,ON,51.27931,-80.6345,1405
Keating,BC,48.56667,-123.4,1403
Sainte-Croix,QC,45.13368,-72.80083,1401
Mountain Meadows,BC,49.28831,-122.81814,1401
Clarke's Beach,NL,47.54246,-53.28395,1400
Sharbot Lake,ON,44.77389,-76.68722,1400
Bally Haly,NL,47.58741,-52.70236,1400
Sun Peaks,BC,50.8762,-119.91075,1400
Elk Point,AB,53.90017,-110.9017,1399
Kinngait,NU,64.23378,-76.54372,1396
Stoney Point/Pointe-aux-Roches,ON,42.30472,-82.54861,1394
Boulderwood,NS,44.62362,-63.59524,1393
Saint-Barnabé-Sud,QC,45.72977,-72.92244,1387
Puntledge,BC,49.67322,-125.02907,1387
Fort St. James,BC,54.45597,-124.26275,1386
Saint-Éphrem-de-Beauce,QC,46.06677,-70.94905,1385
Linière,QC,46.00007,-70.41572,1385
Chartwell,BC,49.34898,-123.15311,1383
Kugluktuk,NU,67.82743,-115.09649,1382
Norwood,ON,44.38342,-77.98281,1380
Dawson City,YT,64.06013,-139.43328,1375
High Park,AB,53.55445,-113.58451,1370
South Lynnmour,BC,49.30682,-123.04255,1367
Plattsville,ON,43.30794,-80.61618,1366
Westlake,AB,55.22228,-118.80415,1363
St. Adolphe,MB,49.6744,-97.11124,1362
Garden Creek,NB,45.96397,-66.70717,1361
Manning,AB,56.92166,-117.63117,1359
New Carlisle,QC,48.00956,-65.33621,1358
L'Isle-Verte,QC,48.01347,-69.34064,1356
Upper West Lynn,BC,49.32999,-123.03558,1355
Two Hills,AB,53.71031,-111.74595,1352
Saint-Damase,QC,45.53341,-72.99914,1349
Gjoa Haven,NU,68.62602,-95.87836,1349
Hillsborough,NB,45.91985,-64.65516,1348
St. Andrews Heights,AB,51.0626,-114.12392,1345
Lower West Lynn,BC,49.32025,-123.04974,1345
Pointe-à-la-Croix,QC,48.01634,-66.68186,1344
Hérouxville,QC,46.66617,-72.62512,1340
Les Escoumins,QC,48.35191,-69.40724,1339
Radium Hot Springs,BC,50.61667,-116.06878,1339
West Lorne,ON,42.60009,-81.59976,1337
Saint-Léonard-d'Aston,QC,46.10723,-72.3735,1336
Lions Bay,BC,49.45218,-123.2376,1334
Sainte-Thècle,QC,46.81676,-72.49911,1333
Smooth Rock Falls,ON,49.28349,-81.63307,1330
Point McKay,AB,51.05833,-114.14722,1330
Christina Lake,BC,49.03967,-118.20847,1329
Labrecque,QC,48.66679,-71.53239,1328
Tidnish,NS,45.99367,-64.00949,1327
Belledune,NB,47.88581,-65.8113,1325
Charlo,NB,48.00072,-66.32875,1323
Omemee,ON,44.29897,-78.55989,1323
Ootischenia,BC,49.28314,-117.63554,1320
Mayerthorpe,AB,53.95015,-115.13547,1320
North Oyster/Yellow Point,BC,49.04807,-123.83395,1320
Jameswood,MB,49.88727,-97.24705,1320
Grousewoods,BC,49.36366,-123.09699,1320
Baie Ste. Anne,NB,47.05231,-64.95355,1319
Saint-Joseph-de-Coleraine,QC,45.96677,-71.36577,1319
Daveluyville,QC,46.20006,-72.13239,1318
Taylor,BC,56.15282,-120.68138,1317
Maliotenam,QC,50.21119,-66.18164,1316
Longlac,ON,49.78169,-86.5348,1316
Saint-Louis-du-Ha Ha,QC,47.66602,-68.97638,1311
Baie Verte,NL,49.93325,-56.18152,1311
Bas-Caraquet,NB,47.80059,-64.83195,1311
Burgeo,NL,47.61668,-57.61516,1307
Wadena,SK,51.94999,-103.80102,1306
Rio Terrace,AB,53.50831,-113.58812,1305
Lower Doon,ON,43.3928,-80.40746,1305
Bel Ayr Park,NS,44.6751,-63.5057,1305
Saint-Alexandre,QC,45.5001,-75.74935,1304
Youbou,BC,48.86632,-124.20271,1302
Wendover,ON,45.57275,-75.12757,1302
Alberton,PE,46.81685,-64.06542,1301
Lamèque,NB,47.79361,-64.6475,1301
Wilkie,SK,52.41683,-108.70142,1301
Port Hood,NS,46.01684,-61.53185,1300
Saint-Siméon,QC,47.84431,-69.87837,1300
Blue Quill Estates,AB,53.45783,-113.54048,1296
Landmark,MB,49.67169,-96.82232,1292
Ryder Lake,BC,49.1,-121.88333,1290
La Conception,QC,46.15009,-74.69925,1287
Albert Bridge,NS,46.01654,-60.05951,1285
Fortune,NL,47.06665,-55.83164,1285
Bowden,AB,51.9288,-114.0349,1280
Erlton,AB,51.02839,-114.06186,1280
McNab,SK,50.45044,-104.66111,1280
Arborg,MB,50.90721,-97.21757,1279
Saint-Cyrille-de-Wendover,QC,45.93336,-72.43241,1279
Prince Charles,AB,53.57778,-113.53472,1276
Currie Barracks,AB,51.01791,-114.12229,1275
Rockway,ON,43.43525,-80.46226,1266
Wells,NB,45.38508,-65.929,1266
Louisbourg,NS,45.92046,-59.97099,1265
McAdam,NB,45.59232,-67.307,1261
Riviere-Bleue,QC,47.43407,-69.04283,1261
Irishtown-Summerside,NL,48.98331,-57.9817,1260
Macklin,SK,52.33344,-109.93484,1257
Rivers,MB,50.03081,-100.24029,1257
Oka,QC,45.46489,-74.08892,1254
Hantsport,NS,45.06657,-64.17968,1253
Saint-Antoine,NB,46.36294,-64.74985,1252
Donsdale,AB,53.485,-113.63544,1250
Mill Woods Town Centre,AB,53.45639,-113.42751,1247
Gold River,BC,49.78091,-126.05013,1246
Powassan,ON,46.0334,-79.34961,1243
Lac-Simon,QC,46.15699,-74.74129,1243
Mount Currie,BC,50.31667,-122.71667,1242
Yamachiche,QC,46.28175,-72.82873,1240
St. Clements,ON,43.5168,-80.6497,1240
Labelle,QC,46.28339,-74.73255,1239
Ardrossan,AB,53.55014,-113.13529,1238
Ct 0023,QC,45.53961,-73.54532,1238
Waldheim,SK,52.621,-106.653,1237
La Minerve,QC,46.25009,-74.93257,1234
Keystone Village,NS,44.70504,-63.53696,1233
Saint-Victor,QC,45.61118,-73.51527,1233
Inverness,NS,46.23344,-61.29852,1228
Lancaster Ridge,NS,44.6892,-63.56888,1225
Westbrook Estates,AB,53.46944,-113.55,1225
Naujaat,NU,66.52913,-86.24371,1225
Moose Lake,MB,49.20559,-95.30629,1225
Vauxhall,AB,50.06678,-112.11853,1222
Mildmay,ON,44.043,-81.11889,1219
Markdale,ON,44.3168,-80.64971,1216
Irricana,AB,51.32372,-113.60475,1216
Lansdowne,AB,53.48889,-113.54861,1215
Cookstown,ON,44.18341,-79.69964,1214
Saint-Donat-de-Montcalm,QC,46.31868,-74.22171,1213
Edgemont Village,BC,49.33807,-123.10138,1213
Lac-Connelly,QC,45.89788,-73.9723,1212
Mabou,NS,46.06684,-61.38183,1207
Ignace,ON,49.41633,-91.65902,1206
Coldbrook,NS,45.06685,-64.58207,1206
Bassano,AB,50.78998,-112.46805,1206
Nain,NL,56.54193,-61.69549,1204
Emo,ON,48.63323,-93.83363,1204
Lanigan,SK,51.85006,-105.03443,1204
Shawville,QC,45.60011,-76.4827,1203
Creighton,SK,54.75014,-101.90078,1203
Chipman,NB,46.16934,-65.88386,1201
Crescent Beach,BC,49.05,-122.88333,1200
Union Bay,BC,49.58377,-124.88611,1200
Vermilion Bay,ON,49.86045,-93.38782,1200
Mont-Carmel,QC,47.44084,-69.85657,1200
Windsor Junction,NS,44.78938,-63.64228,1199
Bella Bella,BC,52.16311,-128.14399,1193
Rogersville,NB,46.73452,-65.42705,1193
Shellbrook,SK,53.21679,-106.40109,1192
St. Alban's,NL,47.86665,-55.84832,1189
South Pender Harbour,BC,49.62202,-124.02484,1187
Upper Delbrook,BC,49.35258,-123.07666,1186
Kaleden,BC,49.39835,-119.60421,1186
Kirkstone,BC,49.3272,-123.04443,1185
Notre-Dame-du-Lac,QC,46.75012,-79.04961,1184
Clyde River,NU,70.47233,-68.58987,1181
Barraute,QC,48.43349,-77.63279,1180
Bath,ON,44.18342,-76.78273,1180
Ayer's Cliff,QC,45.16773,-72.04001,1180
Hillsborough Park,PE,46.26695,-63.10648,1180
Shediac Bridge-Shediac River,NB,46.26886,-64.60047,1177
Callaghan,AB,53.40799,-113.52637,1177
Thessalon,ON,46.25006,-83.5666,1175
New Dundee,ON,43.35101,-80.53657,1174
Little Mountain,BC,49.18064,-121.92206,1170
Bourget,ON,45.43475,-75.16028,1169
Fundy Bay,NB,44.741,-66.76041,1167
Langenburg,SK,50.84999,-101.71763,1165
Denman Island Trust Area,BC,49.55189,-124.79881,1165
Bridgwater Centre,MB,49.7945,-97.19784,1165
Nelson-Miramichi,NB,46.9786,-65.54061,1164
Davidson,SK,51.26676,-105.98449,1164
Cultus Lake,BC,49.06667,-121.96667,1164
Centreville,NS,45.13345,-64.53207,1159
Brussels,ON,43.74316,-81.24998,1158
Spirit River,AB,55.78327,-118.83607,1157
Rosemont,AB,51.07797,-114.09079,1155
Lucknow,ON,43.96054,-81.51284,1154
Bertrand,NB,47.75675,-65.0655,1153
Eganville,ON,45.53341,-77.09945,1149
Newcastle,NB,47.00011,-65.56544,1149
Haliburton Village,ON,45.04921,-78.50854,1149
Island View Heights,NB,45.23366,-66.12661,1148
Fairwinds,BC,49.27588,-124.12782,1147
Munster,ON,45.16476,-75.9396,1145
Confederation Urban Centre,SK,52.13213,-106.72291,1145
Upper Island Cove,NL,47.64989,-53.21478,1142
Salmo,BC,49.19554,-117.27704,1141
Green Acres,NS,44.59496,-63.59942,1140
St. George's,NL,48.42852,-58.48151,1139
Foam Lake,SK,51.65001,-103.53431,1138
Baranow,AB,53.60694,-113.53472,1134
L'Ascension-de-Notre-Seigneur,QC,48.68339,-71.6658,1134
Saint-Michel-des-Saints,QC,46.67702,-73.91881,1131
Parc-Boutin,QC,45.29209,-73.26154,1127
Hensall,ON,43.43339,-81.49976,1126
West Lynn Terrace,BC,49.33221,-123.02613,1125
Welcome Beach,BC,49.47959,-123.89239,1125
Maria,QC,48.1749,-65.98595,1124
Cameron Heights,AB,53.47315,-113.63308,1123
Saint-Isidore,QC,47.43345,-79.29965,1122
Hayes Subdivision,NS,45.05519,-64.58795,1121
Pierreville,QC,46.07034,-72.81125,1119
Saint-Valère,QC,46.06676,-72.09909,1118
Essondale,BC,49.22972,-122.81111,1116
Centreville-Wareham-Trinity,NL,49.011,-53.889,1116
Le Bic,QC,48.37549,-68.69415,1115
St. Lawrence,NL,46.91664,-55.39832,1115
South River,ON,45.8334,-79.38293,1114
Bridgeport West,ON,43.47843,-80.48432,1112
Luceville,QC,48.54498,-68.39658,1112
Lower Economy,NS,45.40129,-63.98589,1111
Port Williams,NS,45.10015,-64.41546,1110
Gravelbourg,SK,49.88336,-106.55122,1109
Lewis Point,PE,46.25202,-63.16059,1108
Howie Centre,NS,46.07518,-60.26849,1106
Viking,AB,53.09606,-111.77527,1106
Maskinongé,QC,46.2286,-73.01917,1105
Bay St. George South,NL,48.22781,-58.84162,1103
U of S Lands South Management Area,SK,52.12713,-106.62043,1103
Port Rowan,ON,42.6168,-80.46638,1102
Carleton,QC,48.10252,-66.11962,1101
Sainte-Jeanne-d'Arc,QC,48.86673,-72.08221,1101
Hornby Island,BC,49.53448,-124.66923,1100
Saint-Bruno-de-Guigues,QC,47.46685,-79.43296,1100
Milford Station,NS,45.0408,-63.43636,1100
Fort Simpson,NT,61.86269,-121.35159,1100
Eel Ground,NB,46.96537,-65.62883,1094
New Victoria,NS,46.25367,-60.12781,1093
Notre-Dame-du-Mont-Carmel,QC,46.0168,-75.08259,1091
Maplewood,BC,49.3045,-123.01357,1090
Lac du Bonnet,MB,50.2536,-96.06116,1089
Snow Lake,MB,54.87903,-100.0374,1088
Dunmore,AB,49.96676,-110.60163,1088
Stoney Point,ON,44.26681,-79.53292,1087
Saint-Pacôme,QC,47.40457,-69.95025,1087
Albanel,QC,48.88324,-72.44867,1087
Scotchtown,NS,46.23888,-60.09968,1082
Elmwood Park,AB,53.58,-113.462,1082
Sydney Forks,NS,46.0604,-60.30385,1081
Canoe,BC,50.75,-119.23333,1081
Salluit,QC,62.20411,-75.64344,1075
Oakmount,NS,44.73913,-63.65212,1075
La Broquerie,MB,49.51688,-96.50029,1073
Mineville,NS,44.69163,-63.37466,1073
Melville Cove,NS,44.6338,-63.61421,1071
Cobden,ON,45.63341,-76.88273,1071
Deloraine,MB,49.19082,-100.49477,1068
Saint-Denis-sur-Richelieu,QC,45.78338,-73.14915,1067
Cap-de-Richibucto,NB,46.59458,-64.77935,1067
Black River-Hardwicke,NB,47.02116,-65.20756,1067
Whitbourne,NL,47.4166,-53.5314,1066
Harbour Main-Chapel's Cove-Lakeview,NL,47.41659,-53.16478,1065
Altamont,BC,49.34078,-123.20253,1064
Mahone Bay,NS,44.44882,-64.38158,1064
Smoky Lake,AB,54.11687,-112.46863,1063
Kerrobert,SK,51.91682,-109.13479,1061
Cache Creek,BC,50.81011,-121.3246,1061
Sentinel Hill,BC,49.33732,-123.14597,1060
Saint-Norbert,QC,46.16949,-73.31494,1059
Weedon Centre,QC,45.70802,-71.45986,1059
Oxbow,SK,49.23335,-102.1676,1058
English Corner,NS,44.73345,-63.78201,1058
Saint-Elzéar,QC,45.60338,-73.72698,1057
Killam,AB,52.78344,-111.85175,1056
Valemount,BC,52.83329,-119.2525,1052
Hornepayne,ON,49.21451,-84.77617,1050
Sheshatshiu,NL,53.51868,-60.14594,1049
Kaslo,BC,49.91658,-116.91887,1049
Bell's Turn,NL,47.59307,-52.72956,1045
Paisley,ON,44.30641,-81.27265,1045
108 Mile Ranch,BC,51.74891,-121.36895,1043
Noonan,NB,45.96682,-66.53218,1042
Melita,MB,49.26811,-100.99669,1042
Cawston,BC,49.18254,-119.75965,1040
Schreiber,ON,48.81252,-87.26458,1039
Weymontachie,QC,47.8994,-73.7772,1038
Jarvis,ON,42.88559,-80.1122,1037
Quarryville,NB,46.8334,-65.78205,1036
Coral Harbour,NU,64.13829,-83.16539,1035
Upper Sackville,NS,44.819,-63.76,1035
Woodhaven,MB,49.87444,-97.27241,1035
Saint-Boniface,QC,46.50011,-75.98264,1035
Desbiens,QC,48.41792,-71.9477,1034
Six Mile,BC,48.45767,-123.46088,1031
Hubley,NS,44.67343,-63.82215,1029
Sainte-Geneviève-de-Batiscan,QC,46.53005,-72.33881,1028
Glenmore,BC,49.3625,-123.12222,1028
Norman Wells,NT,65.28201,-126.8329,1027
Chalk River,ON,46.01682,-77.44948,1025
Bentley,AB,52.46544,-114.05008,1024
Delisle,SK,51.9236,-107.13518,1024
French Creek,BC,49.34123,-124.35541,1024
Cookshire,QC,45.41536,-71.62962,1021
Saint-Prime,QC,48.59242,-72.33555,1021
Denman Island,BC,49.53294,-124.8195,1020
Queen Square,NB,45.95566,-66.63922,1016
Buffalo Narrows,SK,55.86086,-108.479,1014
Ardmore,BC,48.63854,-123.46933,1014
Eckville,AB,52.36274,-114.37011,1014
Scarboro,AB,51.03945,-114.10418,1010
Sanikiluaq,NU,56.54106,-79.22576,1010
Gillam,MB,56.34745,-94.70808,1007
Preeceville,SK,51.94998,-102.66766,1003
Northward,ON,43.4674,-80.47588,1003
Mannheim,ON,43.39812,-80.54538,1002
Plaster Rock,NB,46.90654,-67.38997,1002
Falher,AB,55.73339,-117.20262,1001
Ogilvie Ridge,AB,53.46402,-113.56394,1001
Saint-Roch-des-Aulnaies,QC,47.31078,-70.17719,1000
Patrick Fogarty Catholic Secondary School,ON,44.62552,-79.43095,1000
Irishtown,NB,46.18789,-64.79206,1000
Lake Louise,AB,51.42544,-116.17887,1000
Moodyville,BC,49.30974,-123.05808,1000
